"key","scientificName","decimalLatitude","decimalLongitude","issues","datasetKey","publishingOrgKey","installationKey","publishingCountry","protocol","lastCrawled","lastParsed","crawlId","extensions","basisOfRecord","individualCount","taxonKey","kingdomKey","phylumKey","classKey","orderKey","familyKey","genusKey","speciesKey","acceptedTaxonKey","acceptedScientificName","kingdom","phylum","order","family","genus","species","genericName","specificEpithet","taxonRank","taxonomicStatus","elevation","continent","stateProvince","year","month","day","eventDate","modified","lastInterpreted","license","identifiers","facts","relations","geodeticDatum","class","countryCode","country","rightsHolder","nomenclaturalStatus","identifier","recordNumber","nomenclaturalCode","datasetName","locality","county","fieldNumber","gbifID","collectionCode","occurrenceID","type","taxonID","catalogNumber","recordedBy","institutionCode","ownerInstitutionCode","bibliographicCitation","identifiedBy","collectionID","name","dateIdentified","typeStatus","municipality","language","occurrenceRemarks","coordinateUncertaintyInMeters","typifiedName","otherCatalogNumbers","higherGeography","institutionID","organismID","datasetID","accessRights","higherClassification"
"1","1257861066","Fosterella penduliflora (C.H.Wright) L.B.Sm.",-18.453333,-63.703611,"cdround,gass84","7bd65a7a-f762-11e1-a439-00145eb45e9a","90fd6680-349f-11d8-aa2d-b8a03c50a862","c4e134d3-c68f-406d-a116-6a37895602e0","US","DWC_ARCHIVE","2020-02-14T11:33:51.259+0000","2020-02-14T11:59:48.077+0000",107,"none","PRESERVED_SPECIMEN",1,5288015,6,7707728,196,1369,3740,2696623,5288015,5288015,"Fosterella penduliflora (C.H.Wright) L.B.Sm.","Plantae","Tracheophyta","Poales","Bromeliaceae","Fosterella","Fosterella penduliflora","Fosterella","penduliflora","SPECIES","ACCEPTED",1250,"SOUTH_AMERICA","Santa Cruz",2012,8,17,"2012-08-17T00:00:00","2014-07-16T11:15:00.000+0000","2020-02-14T11:59:48.077+0000","http://creativecommons.org/licenses/by/4.0/legalcode","none","none","none","WGS84","Liliopsida","BO","Bolivia, Plurinational State of","Missouri Botanical Garden","No opinion","urn:catalog:MO:Tropicos:100514685","Parada-Gutierrez 4732","ICNafp","Tropicos","Camino entre Pampas y La Junta.","Vallegrande","12-26","1257861066","MO","urn:catalog:MO:Tropicos:100514685","PhysicalObject","4301194","100514685","G.A. Parada|M. Betancur|M.T. Martinez|H. Fernandez","MO","MOBOT","http://www.tropicos.org/Specimen/100514685","G. A. Parada (USZ), 2014","http://biocol.org/urn:lsid:biocol.org:col:15859","Fosterella penduliflora (C.H.Wright) L.B.Sm.",NA,NA,NA,NA,NA,NA,NA,NA,NA,NA,NA,NA,NA,NA
"2","1676067371","Fosterella penduliflora (C.H.Wright) L.B.Sm.",-18.178033,-63.544633,"cdround,gass84","966426ce-f762-11e1-a439-00145eb45e9a","c76cf030-2a95-11da-9cc1-b8a03c50a862","60383ab8-f762-11e1-a439-00145eb45e9a","DE","BIOCASE","2020-02-11T21:07:47.517+0000","2020-02-12T18:39:24.143+0000",88,"none","PRESERVED_SPECIMEN",NA,5288015,6,7707728,196,1369,3740,2696623,5288015,5288015,"Fosterella penduliflora (C.H.Wright) L.B.Sm.","Plantae","Tracheophyta","Poales","Bromeliaceae","Fosterella","Fosterella penduliflora","Fosterella","penduliflora","SPECIES","ACCEPTED",NA,NA,NA,2009,9,26,"2009-09-26T00:00:00",NA,"2020-02-12T18:39:24.143+0000","http://creativecommons.org/licenses/by/4.0/legalcode","none","none","none","WGS84","Liliopsida","BO","Bolivia, Plurinational State of",NA,NA,NA,NA,NA,NA,"Ibanez, between La Angostura and Bermejo, street next to Rio Pirai",NA,NA,"1676067371","Herbarium Senckenbergianum",NA,NA,NA,"FR-0029215",NA,"FR",NA,NA,NA,NA,"Fosterella penduliflora (C.H.Wright) L.B.Sm.",NA,NA,NA,NA,NA,NA,NA,NA,NA,NA,NA,NA,NA,NA
"3","1676067422","Fosterella penduliflora (C.H.Wright) L.B.Sm.",-18.185883,-63.558717,"cdround,gass84","966426ce-f762-11e1-a439-00145eb45e9a","c76cf030-2a95-11da-9cc1-b8a03c50a862","60383ab8-f762-11e1-a439-00145eb45e9a","DE","BIOCASE","2020-02-11T21:07:47.517+0000","2020-02-12T18:39:23.410+0000",88,"none","PRESERVED_SPECIMEN",NA,5288015,6,7707728,196,1369,3740,2696623,5288015,5288015,"Fosterella penduliflora (C.H.Wright) L.B.Sm.","Plantae","Tracheophyta","Poales","Bromeliaceae","Fosterella","Fosterella penduliflora","Fosterella","penduliflora","SPECIES","ACCEPTED",NA,NA,NA,2009,9,26,"2009-09-26T00:00:00",NA,"2020-02-12T18:39:23.410+0000","http://creativecommons.org/licenses/by/4.0/legalcode","none","none","none","WGS84","Liliopsida","BO","Bolivia, Plurinational State of",NA,NA,NA,NA,NA,NA,"Florida, between L Angostura and Bermejo, street next to Rio Pirai",NA,NA,"1676067422","Herbarium Senckenbergianum",NA,NA,NA,"FR-0029216",NA,"FR",NA,NA,NA,NA,"Fosterella penduliflora (C.H.Wright) L.B.Sm.",NA,NA,NA,NA,NA,NA,NA,NA,NA,NA,NA,NA,NA,NA
"4","1260461796","Fosterella penduliflora (C.H.Wright) L.B.Sm.",-14.494722,-68.509167,"cdround,gass84","7bd65a7a-f762-11e1-a439-00145eb45e9a","90fd6680-349f-11d8-aa2d-b8a03c50a862","c4e134d3-c68f-406d-a116-6a37895602e0","US","DWC_ARCHIVE","2020-02-14T11:33:51.259+0000","2020-02-14T12:00:06.530+0000",107,"none","PRESERVED_SPECIMEN",5,5288015,6,7707728,196,1369,3740,2696623,5288015,5288015,"Fosterella penduliflora (C.H.Wright) L.B.Sm.","Plantae","Tracheophyta","Poales","Bromeliaceae","Fosterella","Fosterella penduliflora","Fosterella","penduliflora","SPECIES","ACCEPTED",740,"SOUTH_AMERICA","La Paz",2006,9,17,"2006-09-17T00:00:00","2018-01-11T11:13:00.000+0000","2020-02-14T12:00:06.530+0000","http://creativecommons.org/licenses/by/4.0/legalcode","none","none","none","WGS84","Liliopsida","BO","Bolivia, Plurinational State of","Missouri Botanical Garden","No opinion","urn:catalog:MO:Tropicos:3081747","Araujo Murakami 2916","ICNafp","Tropicos","Área Natural de Manejo Integrado Madidi, Machariapo, Limón.","Franz Tamayo","06-05","1260461796","MO","urn:catalog:MO:Tropicos:3081747","PhysicalObject","4301194","3081747","Alejandro Araujo M.|Christopher Davidson|Sharon R. Christoph|Paola Gismondi|M. Cornejo|E. Ticona","MO","MOBOT","http://www.tropicos.org/Specimen/3081747","A. Araujo-M. (LPB)","http://biocol.org/urn:lsid:biocol.org:col:15859","Fosterella penduliflora (C.H.Wright) L.B.Sm.","2007-01-01T00:00:00",NA,NA,NA,NA,NA,NA,NA,NA,NA,NA,NA,NA,NA
"5","362418938","Fosterella penduliflora (C.H.Wright) L.B.Sm.",-19.66445,-64.04695,"gass84","966426ce-f762-11e1-a439-00145eb45e9a","c76cf030-2a95-11da-9cc1-b8a03c50a862","60383ab8-f762-11e1-a439-00145eb45e9a","DE","BIOCASE","2020-02-11T21:07:47.517+0000","2020-02-12T18:39:24.979+0000",88,"none","PRESERVED_SPECIMEN",NA,5288015,6,7707728,196,1369,3740,2696623,5288015,5288015,"Fosterella penduliflora (C.H.Wright) L.B.Sm.","Plantae","Tracheophyta","Poales","Bromeliaceae","Fosterella","Fosterella penduliflora","Fosterella","penduliflora","SPECIES","ACCEPTED",NA,NA,NA,2006,10,4,"2006-10-04T00:00:00",NA,"2020-02-12T18:39:24.979+0000","http://creativecommons.org/licenses/by/4.0/legalcode","none","none","none","WGS84","Liliopsida","BO","Bolivia, Plurinational State of",NA,NA,NA,NA,NA,NA,"Hernandos Siles, road from Monteagudo to Padilla, km 34, next to Bartolo",NA,NA,"362418938","Herbarium Senckenbergianum",NA,NA,NA,"FR-0082333",NA,"FR",NA,NA,NA,NA,"Fosterella penduliflora (C.H.Wright) L.B.Sm.",NA,NA,NA,NA,NA,NA,NA,NA,NA,NA,NA,NA,NA,NA
"6","362418965","Fosterella penduliflora (C.H.Wright) L.B.Sm.",-22.600283,-64.42555,"cdround,gass84","966426ce-f762-11e1-a439-00145eb45e9a","c76cf030-2a95-11da-9cc1-b8a03c50a862","60383ab8-f762-11e1-a439-00145eb45e9a","DE","BIOCASE","2020-02-11T21:07:47.517+0000","2020-02-12T18:39:22.388+0000",88,"none","PRESERVED_SPECIMEN",NA,5288015,6,7707728,196,1369,3740,2696623,5288015,5288015,"Fosterella penduliflora (C.H.Wright) L.B.Sm.","Plantae","Tracheophyta","Poales","Bromeliaceae","Fosterella","Fosterella penduliflora","Fosterella","penduliflora","SPECIES","ACCEPTED",NA,NA,NA,2006,10,1,"2006-10-01T00:00:00",NA,"2020-02-12T18:39:22.388+0000","http://creativecommons.org/licenses/by/4.0/legalcode","none","none","none","WGS84","Liliopsida","BO","Bolivia, Plurinational State of",NA,NA,NA,NA,NA,NA,"Arce, road from Tarija to Bermejo, km 134, along Rio Bermejo, between La Merced and Vaden",NA,NA,"362418965","Herbarium Senckenbergianum",NA,NA,NA,"Fr-0082369",NA,"FR",NA,NA,NA,NA,"Fosterella penduliflora (C.H.Wright) L.B.Sm.",NA,NA,NA,NA,NA,NA,NA,NA,NA,NA,NA,NA,NA,NA
"7","362418967","Fosterella penduliflora (C.H.Wright) L.B.Sm.",-22.206383,-64.62305,"cdround,gass84","966426ce-f762-11e1-a439-00145eb45e9a","c76cf030-2a95-11da-9cc1-b8a03c50a862","60383ab8-f762-11e1-a439-00145eb45e9a","DE","BIOCASE","2020-02-11T21:07:47.517+0000","2020-02-12T18:39:25.430+0000",88,"none","PRESERVED_SPECIMEN",NA,5288015,6,7707728,196,1369,3740,2696623,5288015,5288015,"Fosterella penduliflora (C.H.Wright) L.B.Sm.","Plantae","Tracheophyta","Poales","Bromeliaceae","Fosterella","Fosterella penduliflora","Fosterella","penduliflora","SPECIES","ACCEPTED",NA,NA,NA,2006,10,11,"2006-10-11T00:00:00",NA,"2020-02-12T18:39:25.430+0000","http://creativecommons.org/licenses/by/4.0/legalcode","none","none","none","WGS84","Liliopsida","BO","Bolivia, Plurinational State of",NA,NA,NA,NA,NA,NA,"Arce, road from Tarija to Bermejo, km 111, along Rio Bermejo, between La Merced and Vaden",NA,NA,"362418967","Herbarium Senckenbergianum",NA,NA,NA,"Fr-0082370",NA,"FR",NA,NA,NA,NA,"Fosterella penduliflora (C.H.Wright) L.B.Sm.",NA,NA,NA,NA,NA,NA,NA,NA,NA,NA,NA,NA,NA,NA
"8","362418969","Fosterella penduliflora (C.H.Wright) L.B.Sm.",-19.66445,-64.04695,"gass84","966426ce-f762-11e1-a439-00145eb45e9a","c76cf030-2a95-11da-9cc1-b8a03c50a862","60383ab8-f762-11e1-a439-00145eb45e9a","DE","BIOCASE","2020-02-11T21:07:47.517+0000","2020-02-12T18:39:25.479+0000",88,"none","PRESERVED_SPECIMEN",NA,5288015,6,7707728,196,1369,3740,2696623,5288015,5288015,"Fosterella penduliflora (C.H.Wright) L.B.Sm.","Plantae","Tracheophyta","Poales","Bromeliaceae","Fosterella","Fosterella penduliflora","Fosterella","penduliflora","SPECIES","ACCEPTED",NA,NA,NA,2006,10,4,"2006-10-04T00:00:00",NA,"2020-02-12T18:39:25.479+0000","http://creativecommons.org/licenses/by/4.0/legalcode","none","none","none","WGS84","Liliopsida","BO","Bolivia, Plurinational State of",NA,NA,NA,NA,NA,NA,"Hernando Siles, road from Monteagudo to Padilla, km 34, next to Bartolo",NA,NA,"362418969","Herbarium Senckenbergianum",NA,NA,NA,"Fr-0082371",NA,"FR",NA,NA,NA,NA,"Fosterella penduliflora (C.H.Wright) L.B.Sm.",NA,NA,NA,NA,NA,NA,NA,NA,NA,NA,NA,NA,NA,NA
"9","362418971","Fosterella penduliflora (C.H.Wright) L.B.Sm.",-19.80305,-64.020833,"cdround,gass84","966426ce-f762-11e1-a439-00145eb45e9a","c76cf030-2a95-11da-9cc1-b8a03c50a862","60383ab8-f762-11e1-a439-00145eb45e9a","DE","BIOCASE","2020-02-11T21:07:47.517+0000","2020-02-12T18:39:25.449+0000",88,"none","PRESERVED_SPECIMEN",NA,5288015,6,7707728,196,1369,3740,2696623,5288015,5288015,"Fosterella penduliflora (C.H.Wright) L.B.Sm.","Plantae","Tracheophyta","Poales","Bromeliaceae","Fosterella","Fosterella penduliflora","Fosterella","penduliflora","SPECIES","ACCEPTED",NA,NA,NA,2006,10,3,"2006-10-03T00:00:00",NA,"2020-02-12T18:39:25.449+0000","http://creativecommons.org/licenses/by/4.0/legalcode","none","none","none","WGS84","Liliopsida","BO","Bolivia, Plurinational State of",NA,NA,NA,NA,NA,NA,"Hernando Siles, road from Monteagudo to Padilla, km 9",NA,NA,"362418971","Herbarium Senckenbergianum",NA,NA,NA,"Fr-0082372",NA,"FR",NA,NA,NA,NA,"Fosterella penduliflora (C.H.Wright) L.B.Sm.",NA,NA,NA,NA,NA,NA,NA,NA,NA,NA,NA,NA,NA,NA
"10","362418973","Fosterella penduliflora (C.H.Wright) L.B.Sm.",-19.853883,-63.73055,"cdround,gass84","966426ce-f762-11e1-a439-00145eb45e9a","c76cf030-2a95-11da-9cc1-b8a03c50a862","60383ab8-f762-11e1-a439-00145eb45e9a","DE","BIOCASE","2020-02-11T21:07:47.517+0000","2020-02-12T18:39:21.823+0000",88,"none","PRESERVED_SPECIMEN",NA,5288015,6,7707728,196,1369,3740,2696623,5288015,5288015,"Fosterella penduliflora (C.H.Wright) L.B.Sm.","Plantae","Tracheophyta","Poales","Bromeliaceae","Fosterella","Fosterella penduliflora","Fosterella","penduliflora","SPECIES","ACCEPTED",NA,NA,NA,2006,10,3,"2006-10-03T00:00:00",NA,"2020-02-12T18:39:21.823+0000","http://creativecommons.org/licenses/by/4.0/legalcode","none","none","none","WGS84","Liliopsida","BO","Bolivia, Plurinational State of",NA,NA,NA,NA,NA,NA,"Cordillera, road from Ipati toLagunillas, km 45",NA,NA,"362418973","Herbarium Senckenbergianum",NA,NA,NA,"FR-0082373",NA,"FR",NA,NA,NA,NA,"Fosterella penduliflora (C.H.Wright) L.B.Sm.",NA,NA,NA,NA,NA,NA,NA,NA,NA,NA,NA,NA,NA,NA
"11","1260542083","Fosterella penduliflora (C.H.Wright) L.B.Sm.",-18.828056,-58.623889,"cdround,gass84","7bd65a7a-f762-11e1-a439-00145eb45e9a","90fd6680-349f-11d8-aa2d-b8a03c50a862","c4e134d3-c68f-406d-a116-6a37895602e0","US","DWC_ARCHIVE","2020-02-14T11:33:51.259+0000","2020-02-14T11:59:47.117+0000",107,"none","PRESERVED_SPECIMEN",1,5288015,6,7707728,196,1369,3740,2696623,5288015,5288015,"Fosterella penduliflora (C.H.Wright) L.B.Sm.","Plantae","Tracheophyta","Poales","Bromeliaceae","Fosterella","Fosterella penduliflora","Fosterella","penduliflora","SPECIES","ACCEPTED",160,"SOUTH_AMERICA","Santa Cruz",2005,8,21,"2005-08-21T00:00:00","2015-04-21T05:44:00.000+0000","2020-02-14T11:59:47.117+0000","http://creativecommons.org/licenses/by/4.0/legalcode","none","none","none","WGS84","Liliopsida","BO","Bolivia, Plurinational State of","Missouri Botanical Garden","No opinion","urn:catalog:MO:Tropicos:3154432","Linneo Foronda 130","ICNafp","Tropicos","Municipio de porongo, a 14 km. de la Localidad de San José, camino a espejillos, sobre una quebrada a 100 metros del camino. Se observa bosques de Tacuarenbó.","Andrés Ibáñez",NA,"1260542083","MO","urn:catalog:MO:Tropicos:3154432","PhysicalObject","4301194","3154432","Ivan Linneo","MO","MOBOT","http://www.tropicos.org/Specimen/3154432","J. Teran (BOLV)","http://biocol.org/urn:lsid:biocol.org:col:15859","Fosterella penduliflora (C.H.Wright) L.B.Sm.","2006-01-01T00:00:00",NA,NA,NA,NA,NA,NA,NA,NA,NA,NA,NA,NA,NA
"12","1260529375","Fosterella penduliflora (C.H.Wright) L.B.Sm.",-19.814444,-63.719444,"cdround,gass84","7bd65a7a-f762-11e1-a439-00145eb45e9a","90fd6680-349f-11d8-aa2d-b8a03c50a862","c4e134d3-c68f-406d-a116-6a37895602e0","US","DWC_ARCHIVE","2020-02-14T11:33:51.259+0000","2020-02-14T12:00:22.666+0000",107,"none","PRESERVED_SPECIMEN",1,5288015,6,7707728,196,1369,3740,2696623,5288015,5288015,"Fosterella penduliflora (C.H.Wright) L.B.Sm.","Plantae","Tracheophyta","Poales","Bromeliaceae","Fosterella","Fosterella penduliflora","Fosterella","penduliflora","SPECIES","ACCEPTED",1540,"SOUTH_AMERICA","Chuquisaca",2005,10,17,"2005-10-17T00:00:00","2011-04-02T07:54:00.000+0000","2020-02-14T12:00:22.666+0000","http://creativecommons.org/licenses/by/4.0/legalcode","none","none","none","WGS84","Liliopsida","BO","Bolivia, Plurinational State of","Missouri Botanical Garden","No opinion","urn:catalog:MO:Tropicos:3142873","Lliully 341","ICNafp","Tropicos","Municipio de Villa Vaca Gúzman, Serrania del Incahuasi. Abra del Incahuasi en el límite entre Chuquisaca y Santa Cruz, Bosque húmedo caducifolio con elementos Tucumano-Boliviano, Cedrela lilloi, Inga marginata en el estrato arbóeo, varias especies de Solanaceas y Melastomataceas en el estrato arbustivo.","Luis Calvo",NA,"1260529375","MO","urn:catalog:MO:Tropicos:3142873","PhysicalObject","4301194","3142873","Ariel Lliully|R. León|A. Ortega|J. Vedia","MO","MOBOT","http://www.tropicos.org/Specimen/3142873","J. Teran (BOLV)","http://biocol.org/urn:lsid:biocol.org:col:15859","Fosterella penduliflora (C.H.Wright) L.B.Sm.","2006-01-01T00:00:00",NA,NA,NA,NA,NA,NA,NA,NA,NA,NA,NA,NA,NA
"13","1260536244","Fosterella penduliflora (C.H.Wright) L.B.Sm.",-19.85361,-63.72722,"gass84","7bd65a7a-f762-11e1-a439-00145eb45e9a","90fd6680-349f-11d8-aa2d-b8a03c50a862","c4e134d3-c68f-406d-a116-6a37895602e0","US","DWC_ARCHIVE","2020-02-14T11:33:51.259+0000","2020-02-14T11:59:46.459+0000",107,"none","PRESERVED_SPECIMEN",NA,5288015,6,7707728,196,1369,3740,2696623,5288015,5288015,"Fosterella penduliflora (C.H.Wright) L.B.Sm.","Plantae","Tracheophyta","Poales","Bromeliaceae","Fosterella","Fosterella penduliflora","Fosterella","penduliflora","SPECIES","ACCEPTED",1318,"SOUTH_AMERICA","Chuquisaca",2005,10,19,"2005-10-19T00:00:00","2011-04-02T07:54:00.000+0000","2020-02-14T11:59:46.459+0000","http://creativecommons.org/licenses/by/4.0/legalcode","none","none","none","WGS84","Liliopsida","BO","Bolivia, Plurinational State of","Missouri Botanical Garden","No opinion","urn:catalog:MO:Tropicos:3148952","Lliully 435","ICNafp","Tropicos","Municipio de Villa Vaca Gúzman, Serrania del Incahuasi. Bajando del abra del Incahuasi hacia Muyupampa. Bosque húmedo caducifolio con elementos Tucumano-Boliviano, Cedrela lilloi, Inga marginata en el estrato arbóeo, varias Solanaeas y Melastomataceas en el estrato arbustivo, colonias de Lamphrotyrsus hieronimii en quebradas rocosas.","Luis Calvo",NA,"1260536244","MO","urn:catalog:MO:Tropicos:3148952","PhysicalObject","4301194","3148952","Ariel Lliully|R. León|A. Ortega|J. Vedia","MO","MOBOT","http://www.tropicos.org/Specimen/3148952","J. Teran (BOLV), Oct","http://biocol.org/urn:lsid:biocol.org:col:15859","Fosterella penduliflora (C.H.Wright) L.B.Sm.","2006-01-01T00:00:00",NA,NA,NA,NA,NA,NA,NA,NA,NA,NA,NA,NA,NA
"14","1260529405","Fosterella penduliflora (C.H.Wright) L.B.Sm.",-19.079722,-64.175556,"cdround,gass84","7bd65a7a-f762-11e1-a439-00145eb45e9a","90fd6680-349f-11d8-aa2d-b8a03c50a862","c4e134d3-c68f-406d-a116-6a37895602e0","US","DWC_ARCHIVE","2020-02-14T11:33:51.259+0000","2020-02-14T11:59:49.485+0000",107,"none","PRESERVED_SPECIMEN",1,5288015,6,7707728,196,1369,3740,2696623,5288015,5288015,"Fosterella penduliflora (C.H.Wright) L.B.Sm.","Plantae","Tracheophyta","Poales","Bromeliaceae","Fosterella","Fosterella penduliflora","Fosterella","penduliflora","SPECIES","ACCEPTED",1529,"SOUTH_AMERICA","Chuquisaca",2005,11,25,"2005-11-25T00:00:00","2010-03-22T16:28:00.000+0000","2020-02-14T11:59:49.485+0000","http://creativecommons.org/licenses/by/4.0/legalcode","none","none","none","WGS84","Liliopsida","BO","Bolivia, Plurinational State of","Missouri Botanical Garden","No opinion","urn:catalog:MO:Tropicos:3142878","Villalobos 222","ICNafp","Tropicos","Municipio Villa Serrano. Trayecto Comunidad Pampas del Tigre a Temporal. Piso montano Tucumano-Boliviano. Bosque siempreverde estacionales, en sectores arbustales y matorrales secundarios, con Duranta serratifolia, Baccharis latifolia y Dodonaea viscosa.","Belisario Boeto",NA,"1260529405","MO","urn:catalog:MO:Tropicos:3142878","PhysicalObject","4301194","3142878","Jeaneth Villalobos","MO","MOBOT","http://www.tropicos.org/Specimen/3142878","J. Teran (BOLV), Oct","http://biocol.org/urn:lsid:biocol.org:col:15859","Fosterella penduliflora (C.H.Wright) L.B.Sm.","2006-01-01T00:00:00",NA,NA,NA,NA,NA,NA,NA,NA,NA,NA,NA,NA,NA
"15","1260083365","Fosterella penduliflora (C.H.Wright) L.B.Sm.",-12.75444,-73.135,"gass84","7bd65a7a-f762-11e1-a439-00145eb45e9a","90fd6680-349f-11d8-aa2d-b8a03c50a862","c4e134d3-c68f-406d-a116-6a37895602e0","US","DWC_ARCHIVE","2020-02-14T11:33:51.259+0000","2020-02-14T11:59:43.439+0000",107,"none","PRESERVED_SPECIMEN",6,5288015,6,7707728,196,1369,3740,2696623,5288015,5288015,"Fosterella penduliflora (C.H.Wright) L.B.Sm.","Plantae","Tracheophyta","Poales","Bromeliaceae","Fosterella","Fosterella penduliflora","Fosterella","penduliflora","SPECIES","ACCEPTED",881,"SOUTH_AMERICA","Cusco",2004,7,18,"2004-07-18T00:00:00","2013-06-02T05:38:00.000+0000","2020-02-14T11:59:43.439+0000","http://creativecommons.org/licenses/by/4.0/legalcode","none","none","none","WGS84","Liliopsida","PE","Peru","Missouri Botanical Garden","No opinion","urn:catalog:MO:Tropicos:2738569","Galiano 6587","ICNafp","Tropicos","Dist. Vilcabamba, Chiwanquiri, Bosque Secundario.","La Convención",NA,"1260083365","MO","urn:catalog:MO:Tropicos:2738569","PhysicalObject","4301194","2738569","Washington L. Galiano|Efraín Suclli|A. Rodríguez|A. Carazas","MO","MOBOT","http://www.tropicos.org/Specimen/2738569","H. Luther (SEL)","http://biocol.org/urn:lsid:biocol.org:col:15859","Fosterella penduliflora (C.H.Wright) L.B.Sm.","2006-01-01T00:00:00",NA,NA,NA,NA,NA,NA,NA,NA,NA,NA,NA,NA,NA
"16","1260541987","Fosterella penduliflora (C.H.Wright) L.B.Sm.",-19.31694,-64.06888,"gass84","7bd65a7a-f762-11e1-a439-00145eb45e9a","90fd6680-349f-11d8-aa2d-b8a03c50a862","c4e134d3-c68f-406d-a116-6a37895602e0","US","DWC_ARCHIVE","2020-02-14T11:33:51.259+0000","2020-02-14T11:59:43.086+0000",107,"none","PRESERVED_SPECIMEN",NA,5288015,6,7707728,196,1369,3740,2696623,5288015,5288015,"Fosterella penduliflora (C.H.Wright) L.B.Sm.","Plantae","Tracheophyta","Poales","Bromeliaceae","Fosterella","Fosterella penduliflora","Fosterella","penduliflora","SPECIES","ACCEPTED",1300,"SOUTH_AMERICA","Chuquisaca",2004,10,11,"2004-10-11T00:00:00","2013-11-26T05:40:00.000+0000","2020-02-14T11:59:43.086+0000","http://creativecommons.org/licenses/by/4.0/legalcode","none","none","none","WGS84","Liliopsida","BO","Bolivia, Plurinational State of","Missouri Botanical Garden","No opinion","urn:catalog:MO:Tropicos:3154421","Gutiérrez Romero 994","ICNafp","Tropicos","Llantoj. Aprox. 850 m., antes de llegar a Llantoj, a 5 min. bajando de","Tomina",NA,"1260541987","MO","urn:catalog:MO:Tropicos:3154421","PhysicalObject","4301194","3154421","Julia Gutiérrez R.","MO","MOBOT","http://www.tropicos.org/Specimen/3154421","H.E. Luther (SEL)","http://biocol.org/urn:lsid:biocol.org:col:15859","Fosterella penduliflora (C.H.Wright) L.B.Sm.","2007-01-01T00:00:00",NA,NA,NA,NA,NA,NA,NA,NA,NA,NA,NA,NA,NA
"17","1135443461","Fosterella penduliflora (C.H.Wright) L.B.Sm.",-14.465,-68.54889,"","0afba960-be3b-4202-a7de-736ae05aec9e","58520c30-bafb-11d9-8e53-b8a03c50a862","602f7766-f762-11e1-a439-00145eb45e9a","AT","BIOCASE","2020-02-18T22:05:44.280+0000","2020-02-18T22:50:46.016+0000",110,"none","PRESERVED_SPECIMEN",NA,5288015,6,7707728,196,1369,3740,2696623,5288015,5288015,"Fosterella penduliflora (C.H.Wright) L.B.Sm.","Plantae","Tracheophyta","Poales","Bromeliaceae","Fosterella","Fosterella penduliflora","Fosterella","penduliflora","SPECIES","ACCEPTED",938,NA,NA,2003,3,3,"2003-03-03T00:00:00",NA,"2020-02-18T22:50:46.016+0000","http://creativecommons.org/licenses/by/4.0/legalcode","none","none","none","WGS84","Liliopsida","BO","Bolivia, Plurinational State of",NA,NA,NA,NA,NA,NA,"La paz: Franz Tamayo, Parque Nacional Madidi, camino de Apolo-Azariamas, arroyo Pintata. A 1,5 km SW del campamento principal sobre el arroyo Pinatata. Bosque seco ribereno en terraza. 938 m.",NA,NA,"1135443461","Herbarium WU",NA,NA,NA,"0012118","Canqui,F., Cabrera,H., Paniagua,N., Alvarez,M. & Alvarez,A.","WU",NA,NA,"J. Peters & P. Ibisch 2008-11-04",NA,"Fosterella penduliflora (C.H.Wright) L.B.Sm.",NA,NA,NA,NA,NA,NA,NA,NA,NA,NA,NA,NA,NA,NA
"18","1259112124","Fosterella latifolia Ibisch, R.Vásquez & E.Gross",-14.465167,-68.548944,"cdround,gass84","7bd65a7a-f762-11e1-a439-00145eb45e9a","90fd6680-349f-11d8-aa2d-b8a03c50a862","c4e134d3-c68f-406d-a116-6a37895602e0","US","DWC_ARCHIVE","2020-02-14T11:33:51.259+0000","2020-02-14T11:59:48.564+0000",107,"none","PRESERVED_SPECIMEN",4,5288017,6,7707728,196,1369,3740,2696623,5288015,5288015,"Fosterella penduliflora (C.H.Wright) L.B.Sm.","Plantae","Tracheophyta","Poales","Bromeliaceae","Fosterella","Fosterella penduliflora","Fosterella","latifolia","SPECIES","SYNONYM",938,"SOUTH_AMERICA","La Paz",2003,3,3,"2003-03-03T00:00:00","2016-04-29T15:25:00.000+0000","2020-02-14T11:59:48.564+0000","http://creativecommons.org/licenses/by/4.0/legalcode","none","none","none","WGS84","Liliopsida","BO","Bolivia, Plurinational State of","Missouri Botanical Garden","No opinion","urn:catalog:MO:Tropicos:1856551","Canqui Magne 252","ICNafp","Tropicos","Área Natural de Manejo Integrado Madidi, camino Apolo-Azariamas, arroyo Pintata. A 1,5 km al SW del campamento principal sobre el arroyo Pintata. Parcela Temporal de Muestreo 83 (0.05 ha).","Franz Tamayo","03-08","1259112124","MO","urn:catalog:MO:Tropicos:1856551","PhysicalObject","50162949","1856551","F. Canqui|Hector Cabrera|Narel Paniagua Zambrana|Mario Álvarez|Antonio Álvarez","MO","MOBOT","http://www.tropicos.org/Specimen/1856551","W. Till (WU)","http://biocol.org/urn:lsid:biocol.org:col:15859","Fosterella latifolia Ibisch, R.Vásquez & E.Gross","2004-01-01T00:00:00",NA,NA,NA,NA,NA,NA,NA,NA,NA,NA,NA,NA,NA
"19","620619561","Fosterella chiquitana Ibisch, R.Vásquez & E.Gross",-16.283333,-62.133333,"cdround,gass84","966426ce-f762-11e1-a439-00145eb45e9a","c76cf030-2a95-11da-9cc1-b8a03c50a862","60383ab8-f762-11e1-a439-00145eb45e9a","DE","BIOCASE","2020-02-11T21:07:47.517+0000","2020-02-12T18:39:25.106+0000",88,"none","PRESERVED_SPECIMEN",NA,5288016,6,7707728,196,1369,3740,2696623,5288015,5288015,"Fosterella penduliflora (C.H.Wright) L.B.Sm.","Plantae","Tracheophyta","Poales","Bromeliaceae","Fosterella","Fosterella penduliflora","Fosterella","chiquitana","SPECIES","SYNONYM",NA,NA,NA,2003,6,2,"2003-06-02T00:00:00",NA,"2020-02-12T18:39:25.106+0000","http://creativecommons.org/licenses/by/4.0/legalcode","none","none","none","WGS84","Liliopsida","BO","Bolivia, Plurinational State of",NA,NA,NA,NA,NA,NA,"Prov. Nuflo de Chávez, ca. 10 km nach Concepción entlang der Straße nach San Javier, auf Granitfelsen (Sammler Originalmaterial: P. Ibisch, 16. Mai 1997)",NA,NA,"620619561","Herbarium Senckenbergianum",NA,NA,NA,"FR-0105474",NA,"FR",NA,NA,NA,NA,"Fosterella chiquitana Ibisch, R.Vásquez & E.Gross",NA,NA,NA,NA,NA,NA,NA,NA,NA,NA,NA,NA,NA,NA
"20","620619573","Fosterella penduliflora (C.H.Wright) L.B.Sm.",-19.85,-63.71,"gass84","966426ce-f762-11e1-a439-00145eb45e9a","c76cf030-2a95-11da-9cc1-b8a03c50a862","60383ab8-f762-11e1-a439-00145eb45e9a","DE","BIOCASE","2020-02-11T21:07:47.517+0000","2020-02-12T18:39:25.113+0000",88,"none","PRESERVED_SPECIMEN",NA,5288015,6,7707728,196,1369,3740,2696623,5288015,5288015,"Fosterella penduliflora (C.H.Wright) L.B.Sm.","Plantae","Tracheophyta","Poales","Bromeliaceae","Fosterella","Fosterella penduliflora","Fosterella","penduliflora","SPECIES","ACCEPTED",NA,NA,NA,2003,6,2,"2003-06-02T00:00:00",NA,"2020-02-12T18:39:25.113+0000","http://creativecommons.org/licenses/by/4.0/legalcode","none","none","none","WGS84","Liliopsida","BO","Bolivia, Plurinational State of",NA,NA,NA,NA,NA,NA,"Prov. Luis Calvo, zwischen dem Gipfel von Incahuasi und Muyupampa (Sammler Originalmaterial: R. Vásquez & J. Rivero, 22. Apr. 2000)",NA,NA,"620619573","Herbarium Senckenbergianum",NA,NA,NA,"FR-0105455",NA,"FR",NA,NA,NA,NA,"Fosterella penduliflora (C.H.Wright) L.B.Sm.",NA,NA,NA,NA,NA,NA,NA,NA,NA,NA,NA,NA,NA,NA
"21","317864462","Fosterella penduliflora (C.H.Wright) L.B.Sm.",-18.14,-63.52695,"gass84","966426ce-f762-11e1-a439-00145eb45e9a","c76cf030-2a95-11da-9cc1-b8a03c50a862","60383ab8-f762-11e1-a439-00145eb45e9a","DE","BIOCASE","2020-02-11T21:07:47.517+0000","2020-02-12T18:39:22.357+0000",88,"none","PRESERVED_SPECIMEN",NA,5288015,6,7707728,196,1369,3740,2696623,5288015,5288015,"Fosterella penduliflora (C.H.Wright) L.B.Sm.","Plantae","Tracheophyta","Poales","Bromeliaceae","Fosterella","Fosterella penduliflora","Fosterella","penduliflora","SPECIES","ACCEPTED",NA,NA,NA,2002,10,11,"2002-10-11T00:00:00",NA,"2020-02-12T18:39:22.357+0000","http://creativecommons.org/licenses/by/4.0/legalcode","none","none","none","WGS84","Liliopsida","BO","Bolivia, Plurinational State of",NA,NA,NA,NA,NA,NA,"Florida, road between Samaipata and Bermejo",NA,NA,"317864462","Herbarium Senckenbergianum",NA,NA,NA,"Fr-0082338",NA,"FR",NA,NA,NA,NA,"Fosterella penduliflora (C.H.Wright) L.B.Sm.",NA,NA,NA,NA,NA,NA,NA,NA,NA,NA,NA,NA,NA,NA
"22","317864463","Fosterella penduliflora (C.H.Wright) L.B.Sm.",-18.14,-63.52695,"gass84","966426ce-f762-11e1-a439-00145eb45e9a","c76cf030-2a95-11da-9cc1-b8a03c50a862","60383ab8-f762-11e1-a439-00145eb45e9a","DE","BIOCASE","2020-02-11T21:07:47.517+0000","2020-02-12T18:39:22.372+0000",88,"none","PRESERVED_SPECIMEN",NA,5288015,6,7707728,196,1369,3740,2696623,5288015,5288015,"Fosterella penduliflora (C.H.Wright) L.B.Sm.","Plantae","Tracheophyta","Poales","Bromeliaceae","Fosterella","Fosterella penduliflora","Fosterella","penduliflora","SPECIES","ACCEPTED",NA,NA,NA,2002,10,11,"2002-10-11T00:00:00",NA,"2020-02-12T18:39:22.372+0000","http://creativecommons.org/licenses/by/4.0/legalcode","none","none","none","WGS84","Liliopsida","BO","Bolivia, Plurinational State of",NA,NA,NA,NA,NA,NA,"Florida, road between Samaipata and Bermejo",NA,NA,"317864463","Herbarium Senckenbergianum",NA,NA,NA,"Fr-0082339",NA,"FR",NA,NA,NA,NA,"Fosterella penduliflora (C.H.Wright) L.B.Sm.",NA,NA,NA,NA,NA,NA,NA,NA,NA,NA,NA,NA,NA,NA
"23","317864464","Fosterella penduliflora (C.H.Wright) L.B.Sm.",-18.14,-63.52695,"gass84","966426ce-f762-11e1-a439-00145eb45e9a","c76cf030-2a95-11da-9cc1-b8a03c50a862","60383ab8-f762-11e1-a439-00145eb45e9a","DE","BIOCASE","2020-02-11T21:07:47.517+0000","2020-02-12T18:39:22.355+0000",88,"none","PRESERVED_SPECIMEN",NA,5288015,6,7707728,196,1369,3740,2696623,5288015,5288015,"Fosterella penduliflora (C.H.Wright) L.B.Sm.","Plantae","Tracheophyta","Poales","Bromeliaceae","Fosterella","Fosterella penduliflora","Fosterella","penduliflora","SPECIES","ACCEPTED",NA,NA,NA,2002,10,11,"2002-10-11T00:00:00",NA,"2020-02-12T18:39:22.355+0000","http://creativecommons.org/licenses/by/4.0/legalcode","none","none","none","WGS84","Liliopsida","BO","Bolivia, Plurinational State of",NA,NA,NA,NA,NA,NA,"Florida, road between Samaipata and Bermejo",NA,NA,"317864464","Herbarium Senckenbergianum",NA,NA,NA,"Fr-0082340",NA,"FR",NA,NA,NA,NA,"Fosterella penduliflora (C.H.Wright) L.B.Sm.",NA,NA,NA,NA,NA,NA,NA,NA,NA,NA,NA,NA,NA,NA
"24","362418941","Fosterella penduliflora (C.H.Wright) L.B.Sm.",-15.668333,-63.52695,"cdround,gass84","966426ce-f762-11e1-a439-00145eb45e9a","c76cf030-2a95-11da-9cc1-b8a03c50a862","60383ab8-f762-11e1-a439-00145eb45e9a","DE","BIOCASE","2020-02-11T21:07:47.517+0000","2020-02-12T18:39:21.811+0000",88,"none","PRESERVED_SPECIMEN",NA,5288015,6,7707728,196,1369,3740,2696623,5288015,5288015,"Fosterella penduliflora (C.H.Wright) L.B.Sm.","Plantae","Tracheophyta","Poales","Bromeliaceae","Fosterella","Fosterella penduliflora","Fosterella","penduliflora","SPECIES","ACCEPTED",NA,NA,NA,2002,10,30,"2002-10-30T00:00:00",NA,"2020-02-12T18:39:21.811+0000","http://creativecommons.org/licenses/by/4.0/legalcode","none","none","none","WGS84","Liliopsida","BO","Bolivia, Plurinational State of",NA,NA,NA,NA,NA,NA,"Guarayos, road between Trinidad and Santa Cruz, 2 km before Santa Maria",NA,NA,"362418941","Herbarium Senckenbergianum",NA,NA,NA,"FR-0082336",NA,"FR",NA,NA,NA,NA,"Fosterella penduliflora (C.H.Wright) L.B.Sm.",NA,NA,NA,NA,NA,NA,NA,NA,NA,NA,NA,NA,NA,NA
"25","362418943","Fosterella penduliflora (C.H.Wright) L.B.Sm.",-15.668333,-63.52695,"cdround,gass84","966426ce-f762-11e1-a439-00145eb45e9a","c76cf030-2a95-11da-9cc1-b8a03c50a862","60383ab8-f762-11e1-a439-00145eb45e9a","DE","BIOCASE","2020-02-11T21:07:47.517+0000","2020-02-12T18:39:21.823+0000",88,"none","PRESERVED_SPECIMEN",NA,5288015,6,7707728,196,1369,3740,2696623,5288015,5288015,"Fosterella penduliflora (C.H.Wright) L.B.Sm.","Plantae","Tracheophyta","Poales","Bromeliaceae","Fosterella","Fosterella penduliflora","Fosterella","penduliflora","SPECIES","ACCEPTED",NA,NA,NA,2002,10,30,"2002-10-30T00:00:00",NA,"2020-02-12T18:39:21.823+0000","http://creativecommons.org/licenses/by/4.0/legalcode","none","none","none","WGS84","Liliopsida","BO","Bolivia, Plurinational State of",NA,NA,NA,NA,NA,NA,"Guarayos, road between Trinidad and Santa Cruz, 2 km before Santa Maria",NA,NA,"362418943","Herbarium Senckenbergianum",NA,NA,NA,"FR-0082337",NA,"FR",NA,NA,NA,NA,"Fosterella penduliflora (C.H.Wright) L.B.Sm.",NA,NA,NA,NA,NA,NA,NA,NA,NA,NA,NA,NA,NA,NA
"26","345762850","Fosterella penduliflora (C.H.Wright) L.B.Sm.",-16.45,-67.466667,"cdround,gass84","966426ce-f762-11e1-a439-00145eb45e9a","c76cf030-2a95-11da-9cc1-b8a03c50a862","60383ab8-f762-11e1-a439-00145eb45e9a","DE","BIOCASE","2020-02-11T21:07:47.517+0000","2020-02-12T18:39:21.804+0000",88,"none","PRESERVED_SPECIMEN",NA,5288015,6,7707728,196,1369,3740,2696623,5288015,5288015,"Fosterella penduliflora (C.H.Wright) L.B.Sm.","Plantae","Tracheophyta","Poales","Bromeliaceae","Fosterella","Fosterella penduliflora","Fosterella","penduliflora","SPECIES","ACCEPTED",NA,NA,NA,2000,2,12,"2000-02-12T00:00:00",NA,"2020-02-12T18:39:21.804+0000","http://creativecommons.org/licenses/by/4.0/legalcode","none","none","none","WGS84","Liliopsida","BO","Bolivia, Plurinational State of",NA,NA,NA,NA,NA,NA,"Sud Yungas, 10 km from Irupana to Chulumani",NA,NA,"345762850","Herbarium Senckenbergianum",NA,NA,NA,"FR-0082301",NA,"FR",NA,NA,NA,NA,"Fosterella penduliflora (C.H.Wright) L.B.Sm.",NA,NA,NA,NA,NA,NA,NA,NA,NA,NA,NA,NA,NA,NA
"27","362418921","Fosterella penduliflora (C.H.Wright) L.B.Sm.",-16.733333,-67.216667,"cdround,gass84","966426ce-f762-11e1-a439-00145eb45e9a","c76cf030-2a95-11da-9cc1-b8a03c50a862","60383ab8-f762-11e1-a439-00145eb45e9a","DE","BIOCASE","2020-02-11T21:07:47.517+0000","2020-02-12T18:39:21.804+0000",88,"none","PRESERVED_SPECIMEN",NA,5288015,6,7707728,196,1369,3740,2696623,5288015,5288015,"Fosterella penduliflora (C.H.Wright) L.B.Sm.","Plantae","Tracheophyta","Poales","Bromeliaceae","Fosterella","Fosterella penduliflora","Fosterella","penduliflora","SPECIES","ACCEPTED",NA,NA,NA,2000,2,11,"2000-02-11T00:00:00",NA,"2020-02-12T18:39:21.804+0000","http://creativecommons.org/licenses/by/4.0/legalcode","none","none","none","WGS84","Liliopsida","BO","Bolivia, Plurinational State of",NA,NA,NA,NA,NA,NA,"Inquisivi, Licoma cruce between Circuata and Cajuata",NA,NA,"362418921","Herbarium Senckenbergianum",NA,NA,NA,"FR-0082312",NA,"FR",NA,NA,NA,NA,"Fosterella penduliflora (C.H.Wright) L.B.Sm.",NA,NA,NA,NA,NA,NA,NA,NA,NA,NA,NA,NA,NA,NA
"28","362418928","Fosterella penduliflora (C.H.Wright) L.B.Sm.",-16.733333,-67.216667,"cdround,gass84","966426ce-f762-11e1-a439-00145eb45e9a","c76cf030-2a95-11da-9cc1-b8a03c50a862","60383ab8-f762-11e1-a439-00145eb45e9a","DE","BIOCASE","2020-02-11T21:07:47.517+0000","2020-02-12T18:39:21.804+0000",88,"none","PRESERVED_SPECIMEN",NA,5288015,6,7707728,196,1369,3740,2696623,5288015,5288015,"Fosterella penduliflora (C.H.Wright) L.B.Sm.","Plantae","Tracheophyta","Poales","Bromeliaceae","Fosterella","Fosterella penduliflora","Fosterella","penduliflora","SPECIES","ACCEPTED",NA,NA,NA,2000,2,11,"2000-02-11T00:00:00",NA,"2020-02-12T18:39:21.804+0000","http://creativecommons.org/licenses/by/4.0/legalcode","none","none","none","WGS84","Liliopsida","BO","Bolivia, Plurinational State of",NA,NA,NA,NA,NA,NA,"Inquisivi, Licoma cruce between Circuata and Cajuata",NA,NA,"362418928","Herbarium Senckenbergianum",NA,NA,NA,"FR-0082321",NA,"FR",NA,NA,NA,NA,"Fosterella penduliflora (C.H.Wright) L.B.Sm.",NA,NA,NA,NA,NA,NA,NA,NA,NA,NA,NA,NA,NA,NA
"29","1135443380","Fosterella penduliflora (C.H.Wright) L.B.Sm.",-19.81667,-63.55,"","0afba960-be3b-4202-a7de-736ae05aec9e","58520c30-bafb-11d9-8e53-b8a03c50a862","602f7766-f762-11e1-a439-00145eb45e9a","AT","BIOCASE","2020-02-18T22:05:44.280+0000","2020-02-18T22:50:46.032+0000",110,"none","PRESERVED_SPECIMEN",NA,5288015,6,7707728,196,1369,3740,2696623,5288015,5288015,"Fosterella penduliflora (C.H.Wright) L.B.Sm.","Plantae","Tracheophyta","Poales","Bromeliaceae","Fosterella","Fosterella penduliflora","Fosterella","penduliflora","SPECIES","ACCEPTED",1120,NA,NA,2000,4,22,"2000-04-22T00:00:00",NA,"2020-02-18T22:50:46.032+0000","http://creativecommons.org/licenses/by/4.0/legalcode","none","none","none","WGS84","Liliopsida","BO","Bolivia, Plurinational State of",NA,NA,NA,NA,NA,NA,"Bolivia, Santa Cruz, Cordillera: 13 km del cruce de Lagunillas a Incahuasi, ingreso al canon e Incahuasi, 19°49' S 63°33' W, 1120 m.",NA,NA,"1135443380","Herbarium WU",NA,NA,NA,"0014136","Vásquez,R. & Vásquez,J.","WU",NA,NA,"J. Peters & P. Ibisch",NA,"Fosterella penduliflora (C.H.Wright) L.B.Sm.",NA,NA,NA,NA,NA,NA,NA,NA,NA,NA,NA,NA,NA,NA
"30","1135443389","Fosterella penduliflora (C.H.Wright) L.B.Sm.",-19.81667,-63.55,"","0afba960-be3b-4202-a7de-736ae05aec9e","58520c30-bafb-11d9-8e53-b8a03c50a862","602f7766-f762-11e1-a439-00145eb45e9a","AT","BIOCASE","2020-02-18T22:05:44.280+0000","2020-02-18T22:50:46.011+0000",110,"none","PRESERVED_SPECIMEN",NA,5288015,6,7707728,196,1369,3740,2696623,5288015,5288015,"Fosterella penduliflora (C.H.Wright) L.B.Sm.","Plantae","Tracheophyta","Poales","Bromeliaceae","Fosterella","Fosterella penduliflora","Fosterella","penduliflora","SPECIES","ACCEPTED",1120,NA,NA,2000,4,22,"2000-04-22T00:00:00",NA,"2020-02-18T22:50:46.011+0000","http://creativecommons.org/licenses/by/4.0/legalcode","none","none","none","WGS84","Liliopsida","BO","Bolivia, Plurinational State of",NA,NA,NA,NA,NA,NA,"Bolivia, Santa Cruz, Cordillera: 13 km del cruce de Lagunillas a Incahuasi, ingreso al canon e Incahuasi, 19°49' S 63°33' W, 1120 m.",NA,NA,"1135443389","Herbarium WU",NA,NA,NA,"0014135","Vásquez,R. & Vásquez,J.","WU",NA,NA,"J. Peters & P. Ibisch",NA,"Fosterella penduliflora (C.H.Wright) L.B.Sm.",NA,NA,NA,NA,NA,NA,NA,NA,NA,NA,NA,NA,NA,NA
"31","1676067356","Fosterella penduliflora (C.H.Wright) L.B.Sm.",-18.9,-63.4,"gass84","966426ce-f762-11e1-a439-00145eb45e9a","c76cf030-2a95-11da-9cc1-b8a03c50a862","60383ab8-f762-11e1-a439-00145eb45e9a","DE","BIOCASE","2020-02-11T21:07:47.517+0000","2020-02-12T18:39:23.164+0000",88,"none","PRESERVED_SPECIMEN",NA,5288015,6,7707728,196,1369,3740,2696623,5288015,5288015,"Fosterella penduliflora (C.H.Wright) L.B.Sm.","Plantae","Tracheophyta","Poales","Bromeliaceae","Fosterella","Fosterella penduliflora","Fosterella","penduliflora","SPECIES","ACCEPTED",NA,NA,NA,2000,4,21,"2000-04-21T00:00:00",NA,"2020-02-12T18:39:23.164+0000","http://creativecommons.org/licenses/by/4.0/legalcode","none","none","none","WGS84","Liliopsida","BO","Bolivia, Plurinational State of",NA,NA,NA,NA,NA,NA,"Cordillera, De Abapo, puente sobre el Rio Grande, 8 km al oeste, a lo largo de la orilla del rio",NA,NA,"1676067356","Herbarium Senckenbergianum",NA,NA,NA,"FR-0029169",NA,"FR",NA,NA,NA,NA,"Fosterella penduliflora (C.H.Wright) L.B.Sm.",NA,NA,NA,NA,NA,NA,NA,NA,NA,NA,NA,NA,NA,NA
"32","1676067359","Fosterella penduliflora (C.H.Wright) L.B.Sm.",-19.65,-64.7,"gass84","966426ce-f762-11e1-a439-00145eb45e9a","c76cf030-2a95-11da-9cc1-b8a03c50a862","60383ab8-f762-11e1-a439-00145eb45e9a","DE","BIOCASE","2020-02-11T21:07:47.517+0000","2020-02-12T18:39:24.142+0000",88,"none","PRESERVED_SPECIMEN",NA,5288015,6,7707728,196,1369,3740,2696623,5288015,5288015,"Fosterella penduliflora (C.H.Wright) L.B.Sm.","Plantae","Tracheophyta","Poales","Bromeliaceae","Fosterella","Fosterella penduliflora","Fosterella","penduliflora","SPECIES","ACCEPTED",NA,NA,NA,2000,4,22,"2000-04-22T00:00:00",NA,"2020-02-12T18:39:24.142+0000","http://creativecommons.org/licenses/by/4.0/legalcode","none","none","none","WGS84","Liliopsida","BO","Bolivia, Plurinational State of",NA,NA,NA,NA,NA,NA,"Luis Calvo, zwischen dem Gipfel von Incahuasi und Muyupampa",NA,NA,"1676067359","Herbarium Senckenbergianum",NA,NA,NA,"FR-0029170",NA,"FR",NA,NA,NA,NA,"Fosterella penduliflora (C.H.Wright) L.B.Sm.",NA,NA,NA,NA,NA,NA,NA,NA,NA,NA,NA,NA,NA,NA
"33","1676067366","Fosterella penduliflora (C.H.Wright) L.B.Sm.",-19.65,-64.7,"gass84","966426ce-f762-11e1-a439-00145eb45e9a","c76cf030-2a95-11da-9cc1-b8a03c50a862","60383ab8-f762-11e1-a439-00145eb45e9a","DE","BIOCASE","2020-02-11T21:07:47.517+0000","2020-02-12T18:39:23.275+0000",88,"none","PRESERVED_SPECIMEN",NA,5288015,6,7707728,196,1369,3740,2696623,5288015,5288015,"Fosterella penduliflora (C.H.Wright) L.B.Sm.","Plantae","Tracheophyta","Poales","Bromeliaceae","Fosterella","Fosterella penduliflora","Fosterella","penduliflora","SPECIES","ACCEPTED",NA,NA,NA,2000,4,22,"2000-04-22T00:00:00",NA,"2020-02-12T18:39:23.275+0000","http://creativecommons.org/licenses/by/4.0/legalcode","none","none","none","WGS84","Liliopsida","BO","Bolivia, Plurinational State of",NA,NA,NA,NA,NA,NA,"Luis Calvo, zwischen dem Gipfel von Incahuasi und Muyupampa",NA,NA,"1676067366","Herbarium Senckenbergianum",NA,NA,NA,"FR-0029171",NA,"FR",NA,NA,NA,NA,"Fosterella penduliflora (C.H.Wright) L.B.Sm.",NA,NA,NA,NA,NA,NA,NA,NA,NA,NA,NA,NA,NA,NA
"34","1676067381","Fosterella penduliflora (C.H.Wright) L.B.Sm.",-19.65,-63.7,"gass84","966426ce-f762-11e1-a439-00145eb45e9a","c76cf030-2a95-11da-9cc1-b8a03c50a862","60383ab8-f762-11e1-a439-00145eb45e9a","DE","BIOCASE","2020-02-11T21:07:47.517+0000","2020-02-12T18:39:24.202+0000",88,"none","PRESERVED_SPECIMEN",NA,5288015,6,7707728,196,1369,3740,2696623,5288015,5288015,"Fosterella penduliflora (C.H.Wright) L.B.Sm.","Plantae","Tracheophyta","Poales","Bromeliaceae","Fosterella","Fosterella penduliflora","Fosterella","penduliflora","SPECIES","ACCEPTED",NA,NA,NA,2000,4,22,"2000-04-22T00:00:00",NA,"2020-02-12T18:39:24.202+0000","http://creativecommons.org/licenses/by/4.0/legalcode","none","none","none","WGS84","Liliopsida","BO","Bolivia, Plurinational State of",NA,NA,NA,NA,NA,NA,"Luis Calvo, zwischen dem Gipfel von Incahuasi und Muyupampa",NA,NA,"1676067381","Herbarium Senckenbergianum",NA,NA,NA,"FR-0029208",NA,"FR",NA,NA,NA,NA,"Fosterella penduliflora (C.H.Wright) L.B.Sm.",NA,NA,NA,NA,NA,NA,NA,NA,NA,NA,NA,NA,NA,NA
"35","1676067382","Fosterella penduliflora (C.H.Wright) L.B.Sm.",-18.9,-63.4,"gass84","966426ce-f762-11e1-a439-00145eb45e9a","c76cf030-2a95-11da-9cc1-b8a03c50a862","60383ab8-f762-11e1-a439-00145eb45e9a","DE","BIOCASE","2020-02-11T21:07:47.517+0000","2020-02-12T18:39:21.681+0000",88,"none","PRESERVED_SPECIMEN",NA,5288015,6,7707728,196,1369,3740,2696623,5288015,5288015,"Fosterella penduliflora (C.H.Wright) L.B.Sm.","Plantae","Tracheophyta","Poales","Bromeliaceae","Fosterella","Fosterella penduliflora","Fosterella","penduliflora","SPECIES","ACCEPTED",NA,NA,NA,2000,4,21,"2000-04-21T00:00:00",NA,"2020-02-12T18:39:21.681+0000","http://creativecommons.org/licenses/by/4.0/legalcode","none","none","none","WGS84","Liliopsida","BO","Bolivia, Plurinational State of",NA,NA,NA,NA,NA,NA,"Cordillera, De Abapo, puente sobre el Rio Grande, 8 km al oeste, a lo largo de la orilla del rio",NA,NA,"1676067382","Herbarium Senckenbergianum",NA,NA,NA,"FR-0029202",NA,"FR",NA,NA,NA,NA,"Fosterella penduliflora (C.H.Wright) L.B.Sm.",NA,NA,NA,NA,NA,NA,NA,NA,NA,NA,NA,NA,NA,NA
"36","1676067396","Fosterella penduliflora (C.H.Wright) L.B.Sm.",-19.816667,-63.55,"cdround,gass84","966426ce-f762-11e1-a439-00145eb45e9a","c76cf030-2a95-11da-9cc1-b8a03c50a862","60383ab8-f762-11e1-a439-00145eb45e9a","DE","BIOCASE","2020-02-11T21:07:47.517+0000","2020-02-12T18:39:21.681+0000",88,"none","PRESERVED_SPECIMEN",NA,5288015,6,7707728,196,1369,3740,2696623,5288015,5288015,"Fosterella penduliflora (C.H.Wright) L.B.Sm.","Plantae","Tracheophyta","Poales","Bromeliaceae","Fosterella","Fosterella penduliflora","Fosterella","penduliflora","SPECIES","ACCEPTED",NA,NA,NA,2000,4,22,"2000-04-22T00:00:00",NA,"2020-02-12T18:39:21.681+0000","http://creativecommons.org/licenses/by/4.0/legalcode","none","none","none","WGS84","Liliopsida","BO","Bolivia, Plurinational State of",NA,NA,NA,NA,NA,NA,"Cordillera, (zw. Lagunillas und Incahuasi) 13 km del cruce de Lagunillas a Incahuasi, ingreso al canon de Incahuasi",NA,NA,"1676067396","Herbarium Senckenbergianum",NA,NA,NA,"FR-0029211",NA,"FR",NA,NA,NA,NA,"Fosterella penduliflora (C.H.Wright) L.B.Sm.",NA,NA,NA,NA,NA,NA,NA,NA,NA,NA,NA,NA,NA,NA
"37","1676067398","Fosterella penduliflora (C.H.Wright) L.B.Sm.",-19.65,-63.7,"gass84","966426ce-f762-11e1-a439-00145eb45e9a","c76cf030-2a95-11da-9cc1-b8a03c50a862","60383ab8-f762-11e1-a439-00145eb45e9a","DE","BIOCASE","2020-02-11T21:07:47.517+0000","2020-02-12T18:39:23.410+0000",88,"none","PRESERVED_SPECIMEN",NA,5288015,6,7707728,196,1369,3740,2696623,5288015,5288015,"Fosterella penduliflora (C.H.Wright) L.B.Sm.","Plantae","Tracheophyta","Poales","Bromeliaceae","Fosterella","Fosterella penduliflora","Fosterella","penduliflora","SPECIES","ACCEPTED",NA,NA,NA,2000,4,22,"2000-04-22T00:00:00",NA,"2020-02-12T18:39:23.410+0000","http://creativecommons.org/licenses/by/4.0/legalcode","none","none","none","WGS84","Liliopsida","BO","Bolivia, Plurinational State of",NA,NA,NA,NA,NA,NA,"Luis Calvo, zwischen dem Gipfel von Incahuasi und Muyupampa",NA,NA,"1676067398","Herbarium Senckenbergianum",NA,NA,NA,"FR-0029207",NA,"FR",NA,NA,NA,NA,"Fosterella penduliflora (C.H.Wright) L.B.Sm.",NA,NA,NA,NA,NA,NA,NA,NA,NA,NA,NA,NA,NA,NA
"38","317864434","Fosterella penduliflora (C.H.Wright) L.B.Sm.",-19.816667,-63.716667,"cdround,gass84","966426ce-f762-11e1-a439-00145eb45e9a","c76cf030-2a95-11da-9cc1-b8a03c50a862","60383ab8-f762-11e1-a439-00145eb45e9a","DE","BIOCASE","2020-02-11T21:07:47.517+0000","2020-02-12T18:39:24.796+0000",88,"none","PRESERVED_SPECIMEN",NA,5288015,6,7707728,196,1369,3740,2696623,5288015,5288015,"Fosterella penduliflora (C.H.Wright) L.B.Sm.","Plantae","Tracheophyta","Poales","Bromeliaceae","Fosterella","Fosterella penduliflora","Fosterella","penduliflora","SPECIES","ACCEPTED",NA,NA,NA,2000,4,22,"2000-04-22T00:00:00",NA,"2020-02-12T18:39:24.796+0000","http://creativecommons.org/licenses/by/4.0/legalcode","none","none","none","WGS84","Liliopsida","BO","Bolivia, Plurinational State of",NA,NA,NA,NA,NA,NA,"Prov. Cordillera, Incahuasi, 13 km del cruce de Lagunillas a Incahuasi, ingreso al canon de Incahuasi",NA,NA,"317864434","Herbarium Senckenbergianum",NA,NA,NA,"FR-0082260",NA,"FR",NA,NA,NA,NA,"Fosterella penduliflora (C.H.Wright) L.B.Sm.",NA,NA,NA,NA,NA,NA,NA,NA,NA,NA,NA,NA,NA,NA
"39","317864467","Fosterella penduliflora (C.H.Wright) L.B.Sm.",-16.233333,-62.216667,"cdround,gass84","966426ce-f762-11e1-a439-00145eb45e9a","c76cf030-2a95-11da-9cc1-b8a03c50a862","60383ab8-f762-11e1-a439-00145eb45e9a","DE","BIOCASE","2020-02-11T21:07:47.517+0000","2020-02-12T18:39:24.922+0000",88,"none","PRESERVED_SPECIMEN",NA,5288015,6,7707728,196,1369,3740,2696623,5288015,5288015,"Fosterella penduliflora (C.H.Wright) L.B.Sm.","Plantae","Tracheophyta","Poales","Bromeliaceae","Fosterella","Fosterella penduliflora","Fosterella","penduliflora","SPECIES","ACCEPTED",NA,NA,NA,2000,4,22,"2000-04-22T00:00:00",NA,"2020-02-12T18:39:24.922+0000","http://creativecommons.org/licenses/by/4.0/legalcode","none","none","none","WGS84","Liliopsida","BO","Bolivia, Plurinational State of",NA,NA,NA,NA,NA,NA,"Nuflo de Chavez, between San Javier and Concepcion",NA,NA,"317864467","Herbarium Senckenbergianum",NA,NA,NA,"FR-0082344",NA,"FR",NA,NA,NA,NA,"Fosterella penduliflora (C.H.Wright) L.B.Sm.",NA,NA,NA,NA,NA,NA,NA,NA,NA,NA,NA,NA,NA,NA
"40","1676067340","Fosterella penduliflora (C.H.Wright) L.B.Sm.",-16.216667,-62.2,"cdround,gass84","966426ce-f762-11e1-a439-00145eb45e9a","c76cf030-2a95-11da-9cc1-b8a03c50a862","60383ab8-f762-11e1-a439-00145eb45e9a","DE","BIOCASE","2020-02-11T21:07:47.517+0000","2020-02-12T18:39:21.680+0000",88,"none","PRESERVED_SPECIMEN",NA,5288015,6,7707728,196,1369,3740,2696623,5288015,5288015,"Fosterella penduliflora (C.H.Wright) L.B.Sm.","Plantae","Tracheophyta","Poales","Bromeliaceae","Fosterella","Fosterella penduliflora","Fosterella","penduliflora","SPECIES","ACCEPTED",NA,NA,NA,2000,7,30,"2000-07-30T00:00:00",NA,"2020-02-12T18:39:21.680+0000","http://creativecommons.org/licenses/by/4.0/legalcode","none","none","none","WGS84","Liliopsida","BO","Bolivia, Plurinational State of",NA,NA,NA,NA,NA,NA,"N. de Chávez, entre San Javier y Concepción",NA,NA,"1676067340","Herbarium Senckenbergianum",NA,NA,NA,"FR-0029194",NA,"FR",NA,NA,NA,NA,"Fosterella penduliflora (C.H.Wright) L.B.Sm.",NA,NA,NA,NA,NA,NA,NA,NA,NA,NA,NA,NA,NA,NA
"41","1676067364","Fosterella penduliflora (C.H.Wright) L.B.Sm.",-16.216667,-62.2,"cdround,gass84","966426ce-f762-11e1-a439-00145eb45e9a","c76cf030-2a95-11da-9cc1-b8a03c50a862","60383ab8-f762-11e1-a439-00145eb45e9a","DE","BIOCASE","2020-02-11T21:07:47.517+0000","2020-02-12T18:39:21.671+0000",88,"none","PRESERVED_SPECIMEN",NA,5288015,6,7707728,196,1369,3740,2696623,5288015,5288015,"Fosterella penduliflora (C.H.Wright) L.B.Sm.","Plantae","Tracheophyta","Poales","Bromeliaceae","Fosterella","Fosterella penduliflora","Fosterella","penduliflora","SPECIES","ACCEPTED",NA,NA,NA,2000,7,30,"2000-07-30T00:00:00",NA,"2020-02-12T18:39:21.671+0000","http://creativecommons.org/licenses/by/4.0/legalcode","none","none","none","WGS84","Liliopsida","BO","Bolivia, Plurinational State of",NA,NA,NA,NA,NA,NA,"N. de Chávez, entre San Javier y Concepción",NA,NA,"1676067364","Herbarium Senckenbergianum",NA,NA,NA,"FR-0029193",NA,"FR",NA,NA,NA,NA,"Fosterella penduliflora (C.H.Wright) L.B.Sm.",NA,NA,NA,NA,NA,NA,NA,NA,NA,NA,NA,NA,NA,NA
"42","1135443384","Fosterella penduliflora (C.H.Wright) L.B.Sm.",-18.17,-63.58333,"","0afba960-be3b-4202-a7de-736ae05aec9e","58520c30-bafb-11d9-8e53-b8a03c50a862","602f7766-f762-11e1-a439-00145eb45e9a","AT","BIOCASE","2020-02-18T22:05:44.280+0000","2020-02-18T22:50:43.723+0000",110,"none","PRESERVED_SPECIMEN",NA,5288015,6,7707728,196,1369,3740,2696623,5288015,5288015,"Fosterella penduliflora (C.H.Wright) L.B.Sm.","Plantae","Tracheophyta","Poales","Bromeliaceae","Fosterella","Fosterella penduliflora","Fosterella","penduliflora","SPECIES","ACCEPTED",700,NA,NA,1999,10,13,"1999-10-13T00:00:00",NA,"2020-02-18T22:50:43.723+0000","http://creativecommons.org/licenses/by/4.0/legalcode","none","none","none","WGS84","Liliopsida","BO","Bolivia, Plurinational State of",NA,NA,NA,NA,NA,NA,"Florida: between La Angustura and Bermejo. 18°10'12\" S, 63°53'00\" W. 700 m.",NA,NA,"1135443384","Herbarium WU",NA,NA,NA,"0014139","Peters,J., Schütz,N., Vasquez,R. & Lara,R.","WU",NA,NA,"J. Peters & P. L. Ibisch",NA,"Fosterella penduliflora (C.H.Wright) L.B.Sm.",NA,NA,NA,NA,NA,NA,NA,NA,NA,NA,NA,NA,NA,NA
"43","1676067362","Fosterella penduliflora (C.H.Wright) L.B.Sm.",-18.17,-63.566667,"cdround,gass84","966426ce-f762-11e1-a439-00145eb45e9a","c76cf030-2a95-11da-9cc1-b8a03c50a862","60383ab8-f762-11e1-a439-00145eb45e9a","DE","BIOCASE","2020-02-11T21:07:47.517+0000","2020-02-12T18:39:21.702+0000",88,"none","PRESERVED_SPECIMEN",NA,5288015,6,7707728,196,1369,3740,2696623,5288015,5288015,"Fosterella penduliflora (C.H.Wright) L.B.Sm.","Plantae","Tracheophyta","Poales","Bromeliaceae","Fosterella","Fosterella penduliflora","Fosterella","penduliflora","SPECIES","ACCEPTED",NA,NA,NA,1999,10,13,"1999-10-13T00:00:00",NA,"2020-02-12T18:39:21.702+0000","http://creativecommons.org/licenses/by/4.0/legalcode","none","none","none","WGS84","Liliopsida","BO","Bolivia, Plurinational State of",NA,NA,NA,NA,NA,NA,"Florida, entre La Angustura Bermejo, laderas de Chaco andino",NA,NA,"1676067362","Herbarium Senckenbergianum",NA,NA,NA,"FR-0029165",NA,"FR",NA,NA,NA,NA,"Fosterella penduliflora (C.H.Wright) L.B.Sm.",NA,NA,NA,NA,NA,NA,NA,NA,NA,NA,NA,NA,NA,NA
"44","1676067365","Fosterella penduliflora (C.H.Wright) L.B.Sm.",-18.17,-63.566667,"cdround,gass84","966426ce-f762-11e1-a439-00145eb45e9a","c76cf030-2a95-11da-9cc1-b8a03c50a862","60383ab8-f762-11e1-a439-00145eb45e9a","DE","BIOCASE","2020-02-11T21:07:47.517+0000","2020-02-12T18:39:21.671+0000",88,"none","PRESERVED_SPECIMEN",NA,5288015,6,7707728,196,1369,3740,2696623,5288015,5288015,"Fosterella penduliflora (C.H.Wright) L.B.Sm.","Plantae","Tracheophyta","Poales","Bromeliaceae","Fosterella","Fosterella penduliflora","Fosterella","penduliflora","SPECIES","ACCEPTED",NA,NA,NA,1999,10,13,"1999-10-13T00:00:00",NA,"2020-02-12T18:39:21.671+0000","http://creativecommons.org/licenses/by/4.0/legalcode","none","none","none","WGS84","Liliopsida","BO","Bolivia, Plurinational State of",NA,NA,NA,NA,NA,NA,"Florida, entre La Angustura Bermejo, laderas de Chaco andino",NA,NA,"1676067365","Herbarium Senckenbergianum",NA,NA,NA,"FR-0029175",NA,"FR",NA,NA,NA,NA,"Fosterella penduliflora (C.H.Wright) L.B.Sm.",NA,NA,NA,NA,NA,NA,NA,NA,NA,NA,NA,NA,NA,NA
"45","1676067370","Fosterella penduliflora (C.H.Wright) L.B.Sm.",-18.17,-63.566667,"cdround,gass84","966426ce-f762-11e1-a439-00145eb45e9a","c76cf030-2a95-11da-9cc1-b8a03c50a862","60383ab8-f762-11e1-a439-00145eb45e9a","DE","BIOCASE","2020-02-11T21:07:47.517+0000","2020-02-12T18:39:23.181+0000",88,"none","PRESERVED_SPECIMEN",NA,5288015,6,7707728,196,1369,3740,2696623,5288015,5288015,"Fosterella penduliflora (C.H.Wright) L.B.Sm.","Plantae","Tracheophyta","Poales","Bromeliaceae","Fosterella","Fosterella penduliflora","Fosterella","penduliflora","SPECIES","ACCEPTED",NA,NA,NA,1999,10,13,"1999-10-13T00:00:00",NA,"2020-02-12T18:39:23.181+0000","http://creativecommons.org/licenses/by/4.0/legalcode","none","none","none","WGS84","Liliopsida","BO","Bolivia, Plurinational State of",NA,NA,NA,NA,NA,NA,"Florida, entre La Angustura Bermejo, laderas de Chaco andino",NA,NA,"1676067370","Herbarium Senckenbergianum",NA,NA,NA,"FR-0029214",NA,"FR",NA,NA,NA,NA,"Fosterella penduliflora (C.H.Wright) L.B.Sm.",NA,NA,NA,NA,NA,NA,NA,NA,NA,NA,NA,NA,NA,NA
"46","1676067378","Fosterella penduliflora (C.H.Wright) L.B.Sm.",-18.17,-63.566667,"cdround,gass84","966426ce-f762-11e1-a439-00145eb45e9a","c76cf030-2a95-11da-9cc1-b8a03c50a862","60383ab8-f762-11e1-a439-00145eb45e9a","DE","BIOCASE","2020-02-11T21:07:47.517+0000","2020-02-12T18:39:21.672+0000",88,"none","PRESERVED_SPECIMEN",NA,5288015,6,7707728,196,1369,3740,2696623,5288015,5288015,"Fosterella penduliflora (C.H.Wright) L.B.Sm.","Plantae","Tracheophyta","Poales","Bromeliaceae","Fosterella","Fosterella penduliflora","Fosterella","penduliflora","SPECIES","ACCEPTED",NA,NA,NA,1999,10,13,"1999-10-13T00:00:00",NA,"2020-02-12T18:39:21.672+0000","http://creativecommons.org/licenses/by/4.0/legalcode","none","none","none","WGS84","Liliopsida","BO","Bolivia, Plurinational State of",NA,NA,NA,NA,NA,NA,"Florida, entre La Angustura Bermejo, laderas de Chaco andino",NA,NA,"1676067378","Herbarium Senckenbergianum",NA,NA,NA,"FR-0029210",NA,"FR",NA,NA,NA,NA,"Fosterella penduliflora (C.H.Wright) L.B.Sm.",NA,NA,NA,NA,NA,NA,NA,NA,NA,NA,NA,NA,NA,NA
"47","1676067385","Fosterella penduliflora (C.H.Wright) L.B.Sm.",-18.17,-63.566667,"cdround,gass84","966426ce-f762-11e1-a439-00145eb45e9a","c76cf030-2a95-11da-9cc1-b8a03c50a862","60383ab8-f762-11e1-a439-00145eb45e9a","DE","BIOCASE","2020-02-11T21:07:47.517+0000","2020-02-12T18:39:23.164+0000",88,"none","PRESERVED_SPECIMEN",NA,5288015,6,7707728,196,1369,3740,2696623,5288015,5288015,"Fosterella penduliflora (C.H.Wright) L.B.Sm.","Plantae","Tracheophyta","Poales","Bromeliaceae","Fosterella","Fosterella penduliflora","Fosterella","penduliflora","SPECIES","ACCEPTED",NA,NA,NA,1999,10,13,"1999-10-13T00:00:00",NA,"2020-02-12T18:39:23.164+0000","http://creativecommons.org/licenses/by/4.0/legalcode","none","none","none","WGS84","Liliopsida","BO","Bolivia, Plurinational State of",NA,NA,NA,NA,NA,NA,"Florida, entre La Angustura Bermejo, laderas de Chaco andino",NA,NA,"1676067385","Herbarium Senckenbergianum",NA,NA,NA,"FR-0029213",NA,"FR",NA,NA,NA,NA,"Fosterella penduliflora (C.H.Wright) L.B.Sm.",NA,NA,NA,NA,NA,NA,NA,NA,NA,NA,NA,NA,NA,NA
"48","1676067409","Fosterella penduliflora (C.H.Wright) L.B.Sm.",-18.17,-63.566667,"cdround,gass84","966426ce-f762-11e1-a439-00145eb45e9a","c76cf030-2a95-11da-9cc1-b8a03c50a862","60383ab8-f762-11e1-a439-00145eb45e9a","DE","BIOCASE","2020-02-11T21:07:47.517+0000","2020-02-12T18:39:21.681+0000",88,"none","PRESERVED_SPECIMEN",NA,5288015,6,7707728,196,1369,3740,2696623,5288015,5288015,"Fosterella penduliflora (C.H.Wright) L.B.Sm.","Plantae","Tracheophyta","Poales","Bromeliaceae","Fosterella","Fosterella penduliflora","Fosterella","penduliflora","SPECIES","ACCEPTED",NA,NA,NA,1999,10,13,"1999-10-13T00:00:00",NA,"2020-02-12T18:39:21.681+0000","http://creativecommons.org/licenses/by/4.0/legalcode","none","none","none","WGS84","Liliopsida","BO","Bolivia, Plurinational State of",NA,NA,NA,NA,NA,NA,"Florida, entre La Angustura Bermejo, laderas de Chaco andino",NA,NA,"1676067409","Herbarium Senckenbergianum",NA,NA,NA,"FR-0029209",NA,"FR",NA,NA,NA,NA,"Fosterella penduliflora (C.H.Wright) L.B.Sm.",NA,NA,NA,NA,NA,NA,NA,NA,NA,NA,NA,NA,NA,NA
"49","317864472","Fosterella penduliflora (C.H.Wright) L.B.Sm.",-18.17,-63.583333,"cdround,gass84","966426ce-f762-11e1-a439-00145eb45e9a","c76cf030-2a95-11da-9cc1-b8a03c50a862","60383ab8-f762-11e1-a439-00145eb45e9a","DE","BIOCASE","2020-02-11T21:07:47.517+0000","2020-02-12T18:39:24.797+0000",88,"none","PRESERVED_SPECIMEN",NA,5288015,6,7707728,196,1369,3740,2696623,5288015,5288015,"Fosterella penduliflora (C.H.Wright) L.B.Sm.","Plantae","Tracheophyta","Poales","Bromeliaceae","Fosterella","Fosterella penduliflora","Fosterella","penduliflora","SPECIES","ACCEPTED",NA,NA,NA,1999,10,13,"1999-10-13T00:00:00",NA,"2020-02-12T18:39:24.797+0000","http://creativecommons.org/licenses/by/4.0/legalcode","none","none","none","WGS84","Liliopsida","BO","Bolivia, Plurinational State of",NA,NA,NA,NA,NA,NA,"Florida, between La Angustura and Bermejo",NA,NA,"317864472","Herbarium Senckenbergianum",NA,NA,NA,"FR-0082350",NA,"FR",NA,NA,NA,NA,"Fosterella penduliflora (C.H.Wright) L.B.Sm.",NA,NA,NA,NA,NA,NA,NA,NA,NA,NA,NA,NA,NA,NA
"50","362418930","Fosterella penduliflora (C.H.Wright) L.B.Sm.",-18.17,-63.566667,"cdround,gass84","966426ce-f762-11e1-a439-00145eb45e9a","c76cf030-2a95-11da-9cc1-b8a03c50a862","60383ab8-f762-11e1-a439-00145eb45e9a","DE","BIOCASE","2020-02-11T21:07:47.517+0000","2020-02-12T18:39:24.797+0000",88,"none","PRESERVED_SPECIMEN",NA,5288015,6,7707728,196,1369,3740,2696623,5288015,5288015,"Fosterella penduliflora (C.H.Wright) L.B.Sm.","Plantae","Tracheophyta","Poales","Bromeliaceae","Fosterella","Fosterella penduliflora","Fosterella","penduliflora","SPECIES","ACCEPTED",NA,NA,NA,1999,10,13,"1999-10-13T00:00:00",NA,"2020-02-12T18:39:24.797+0000","http://creativecommons.org/licenses/by/4.0/legalcode","none","none","none","WGS84","Liliopsida","BO","Bolivia, Plurinational State of",NA,NA,NA,NA,NA,NA,"Florida, between La Angostura and Bermejo",NA,NA,"362418930","Herbarium Senckenbergianum",NA,NA,NA,"FR-0082323",NA,"FR",NA,NA,NA,NA,"Fosterella penduliflora (C.H.Wright) L.B.Sm.",NA,NA,NA,NA,NA,NA,NA,NA,NA,NA,NA,NA,NA,NA
"51","362418932","Fosterella penduliflora (C.H.Wright) L.B.Sm.",-18.17,-63.566667,"cdround,gass84","966426ce-f762-11e1-a439-00145eb45e9a","c76cf030-2a95-11da-9cc1-b8a03c50a862","60383ab8-f762-11e1-a439-00145eb45e9a","DE","BIOCASE","2020-02-11T21:07:47.517+0000","2020-02-12T18:39:24.979+0000",88,"none","PRESERVED_SPECIMEN",NA,5288015,6,7707728,196,1369,3740,2696623,5288015,5288015,"Fosterella penduliflora (C.H.Wright) L.B.Sm.","Plantae","Tracheophyta","Poales","Bromeliaceae","Fosterella","Fosterella penduliflora","Fosterella","penduliflora","SPECIES","ACCEPTED",NA,NA,NA,1999,10,13,"1999-10-13T00:00:00",NA,"2020-02-12T18:39:24.979+0000","http://creativecommons.org/licenses/by/4.0/legalcode","none","none","none","WGS84","Liliopsida","BO","Bolivia, Plurinational State of",NA,NA,NA,NA,NA,NA,"Florida, between La Angostura and Bermejo",NA,NA,"362418932","Herbarium Senckenbergianum",NA,NA,NA,"FR-0082324",NA,"FR",NA,NA,NA,NA,"Fosterella penduliflora (C.H.Wright) L.B.Sm.",NA,NA,NA,NA,NA,NA,NA,NA,NA,NA,NA,NA,NA,NA
"52","1258623212","Fosterella latifolia Ibisch, R.Vásquez & E.Gross",-18.08333,-63.66666,"gass84","7bd65a7a-f762-11e1-a439-00145eb45e9a","90fd6680-349f-11d8-aa2d-b8a03c50a862","c4e134d3-c68f-406d-a116-6a37895602e0","US","DWC_ARCHIVE","2020-02-14T11:33:51.259+0000","2020-02-14T11:59:40.596+0000",107,"none","PRESERVED_SPECIMEN",NA,5288017,6,7707728,196,1369,3740,2696623,5288015,5288015,"Fosterella penduliflora (C.H.Wright) L.B.Sm.","Plantae","Tracheophyta","Poales","Bromeliaceae","Fosterella","Fosterella penduliflora","Fosterella","latifolia","SPECIES","SYNONYM",NA,"SOUTH_AMERICA","Santa Cruz",1998,5,16,"1998-05-16T00:00:00","2014-06-18T05:53:00.000+0000","2020-02-14T11:59:40.596+0000","http://creativecommons.org/licenses/by/4.0/legalcode","none","none","none","WGS84","Liliopsida","BO","Bolivia, Plurinational State of","Missouri Botanical Garden","No opinion","urn:catalog:MO:Tropicos:1399200","Ibisch 98.98","ICNafp","Tropicos","Refugio Volcanes, in understory of semihumid forest","Florida",NA,"1258623212","MO","urn:catalog:MO:Tropicos:1399200","PhysicalObject","50162949","1399200","Pierre Ibisch","MO","MOBOT","http://www.tropicos.org/Specimen/1399200","P. L. Ibisch","http://biocol.org/urn:lsid:biocol.org:col:15859","Fosterella latifolia Ibisch, R.Vásquez & E.Gross","1999-01-01T00:00:00","HOLOTYPE",NA,NA,NA,NA,NA,NA,NA,NA,NA,NA,NA,NA
"53","197108995","Fosterella penduliflora (C.H.Wright) L.B.Sm.",-20.679,-56.781,"gass84,txmatfuz","4d749d70-e2e1-11dd-8102-b8a03c50a862","335880a0-e2e1-11dd-8102-b8a03c50a862","605ef338-f762-11e1-a439-00145eb45e9a","US","DWC_ARCHIVE","2020-02-06T13:43:26.885+0000","2020-02-10T13:01:52.547+0000",68,"none","HUMAN_OBSERVATION",NA,5288015,6,7707728,196,1369,3740,2696623,5288015,5288015,"Fosterella penduliflora (C.H.Wright) L.B.Sm.","Plantae","Tracheophyta","Poales","Bromeliaceae","Fosterella","Fosterella penduliflora","Fosterella","penduliflora","SPECIES","ACCEPTED",NA,NA,NA,1998,8,24,"1998-08-24T00:00:00",NA,"2020-02-10T13:01:52.547+0000","http://creativecommons.org/licenses/by/4.0/legalcode","none","none","none","WGS84","Liliopsida","BR","Brazil",NA,NA,"197108995",NA,NA,NA,"Upper Miranda Region",NA,NA,"197108995","26",NA,NA,NA,"54240","Geraldo Alves Damaceno, Junior","Conservation International",NA,NA,NA,NA,"Fosterella penduliflora (C.H.Wright) L.B.Sm.",NA,NA,NA,NA,NA,NA,NA,NA,NA,NA,NA,NA,NA,NA
"54","1087260562","Fosterella penduliflora (C.H.Wright) L.B.Sm.",-20.678611,-56.781111,"gass84","d82d5a18-0428-4e52-be16-f509153e8126","e97090cb-7731-41c7-ac24-31a841730654","b38ff2b7-c8af-454e-b5af-ee760f0d5bca","BR","DWC_ARCHIVE","2020-02-12T11:07:35.192+0000","2020-02-12T15:11:55.275+0000",178,"none","PRESERVED_SPECIMEN",NA,5288015,6,7707728,196,1369,3740,2696623,5288015,5288015,"Fosterella penduliflora (C.H.Wright) L.B.Sm.","Plantae","Tracheophyta","Poales","Bromeliaceae","Fosterella","Fosterella penduliflora","Fosterella","penduliflora","SPECIES","ACCEPTED",NA,"SOUTH_AMERICA","Mato Grosso do Sul",1998,9,7,"1998-09-07T00:00:00","2016-09-19T19:24:31.000+0000","2020-02-12T15:11:55.275+0000","http://creativecommons.org/licenses/by-nc/4.0/legalcode","none","none","none","WGS84","Liliopsida","BR","Brazil","UB - Herbário da Universidade de Brasília",NA,"BRA:UNB:UB:37745","1716",NA,"UB - Herbário da Universidade de Brasília","Bodoquena, Logradouro- Rio Salobrinha",NA,NA,"1087260562","UB","BRA:UNB:UB:37745","Collection",NA,"37745","Damasceno, GA; Nakajima, JN","UnB","Universidade de Brasília",NA,"Damasceno, GA",NA,"Fosterella penduliflora (C.H.Wright) L.B.Sm.","1999-06-01T00:00:00",NA,"Bodoquena","pt","Rupícolo/terrestre de 50 cm; Flor branca; Fruto; Encosta rochosa; Solo-calcário; Relevo- próximo à uma encosta de morro",NA,NA,NA,NA,NA,NA,NA,NA,NA
"55","1135443396","Fosterella penduliflora (C.H.Wright) L.B.Sm.",-18.21667,-63.73333,"","0afba960-be3b-4202-a7de-736ae05aec9e","58520c30-bafb-11d9-8e53-b8a03c50a862","602f7766-f762-11e1-a439-00145eb45e9a","AT","BIOCASE","2020-02-18T22:05:44.280+0000","2020-02-18T22:50:43.721+0000",110,"none","PRESERVED_SPECIMEN",NA,5288015,6,7707728,196,1369,3740,2696623,5288015,5288015,"Fosterella penduliflora (C.H.Wright) L.B.Sm.","Plantae","Tracheophyta","Poales","Bromeliaceae","Fosterella","Fosterella penduliflora","Fosterella","penduliflora","SPECIES","ACCEPTED",1350,NA,NA,1998,9,10,"1998-09-10T00:00:00",NA,"2020-02-18T22:50:43.721+0000","http://creativecommons.org/licenses/by/4.0/legalcode","none","none","none","WGS84","Liliopsida","BO","Bolivia, Plurinational State of",NA,NA,NA,NA,NA,NA,"Florida: between Cuevas and Bella Vista. 18°13' S, 63°44' W. 1350 m.",NA,NA,"1135443396","Herbarium WU",NA,NA,NA,"0014140","Vásquez,R., Ric,D. & Coimbra,G.","WU",NA,NA,"J. Peters & P. L. Ibisch",NA,"Fosterella penduliflora (C.H.Wright) L.B.Sm.",NA,NA,NA,NA,NA,NA,NA,NA,NA,NA,NA,NA,NA,NA
"56","1135444084","Fosterella chiquitana Ibisch, R.Vásquez & E.Gross",-16.16667,-62.08333,"","0afba960-be3b-4202-a7de-736ae05aec9e","58520c30-bafb-11d9-8e53-b8a03c50a862","602f7766-f762-11e1-a439-00145eb45e9a","AT","BIOCASE","2020-02-18T22:05:44.280+0000","2020-02-18T22:50:43.719+0000",110,"none","PRESERVED_SPECIMEN",NA,5288016,6,7707728,196,1369,3740,2696623,5288015,5288015,"Fosterella penduliflora (C.H.Wright) L.B.Sm.","Plantae","Tracheophyta","Poales","Bromeliaceae","Fosterella","Fosterella penduliflora","Fosterella","chiquitana","SPECIES","SYNONYM",500,NA,NA,1997,5,16,"1997-05-16T00:00:00",NA,"2020-02-18T22:50:43.719+0000","http://creativecommons.org/licenses/by/4.0/legalcode","none","none","none","WGS84","Liliopsida","BO","Bolivia, Plurinational State of",NA,NA,NA,NA,NA,NA,"Dept. Santa Cruz, Prov. Ñuflo de Chávez, about 10 km from Concepción on the road to San Javier. 62°5' W, 16°10' S. ca. 500 m.",NA,NA,"1135444084","Herbarium WU",NA,NA,NA,"0013113","Ibisch,P.","WU",NA,NA,"P. Ibisch (LPB) 1999",NA,"Fosterella chiquitana Ibisch, R.Vásquez & E.Gross",NA,NA,NA,NA,NA,500,"Fosterella chiquitana Ibisch, R. Vásquez & E. Gross",NA,NA,NA,NA,NA,NA,NA
"57","1258623136","Fosterella chiquitana Ibisch, R.Vásquez & E.Gross",-16.16666,-62.08333,"gass84","7bd65a7a-f762-11e1-a439-00145eb45e9a","90fd6680-349f-11d8-aa2d-b8a03c50a862","c4e134d3-c68f-406d-a116-6a37895602e0","US","DWC_ARCHIVE","2020-02-14T11:33:51.259+0000","2020-02-14T12:00:16.351+0000",107,"none","PRESERVED_SPECIMEN",NA,5288016,6,7707728,196,1369,3740,2696623,5288015,5288015,"Fosterella penduliflora (C.H.Wright) L.B.Sm.","Plantae","Tracheophyta","Poales","Bromeliaceae","Fosterella","Fosterella penduliflora","Fosterella","chiquitana","SPECIES","SYNONYM",500,"SOUTH_AMERICA","Santa Cruz",1997,5,16,"1997-05-16T00:00:00","2014-06-18T05:53:00.000+0000","2020-02-14T12:00:16.351+0000","http://creativecommons.org/licenses/by/4.0/legalcode","none","none","none","WGS84","Liliopsida","BO","Bolivia, Plurinational State of","Missouri Botanical Garden","No opinion","urn:catalog:MO:Tropicos:1399126","Ibisch 98.125","ICNafp","Tropicos","About 10 km from Concepción on the road to San Javier, on grantic outcrops (zonal vegetation semideciduous-semihumid Chiquitano forest)","Nuflo de Chavez",NA,"1258623136","MO","urn:catalog:MO:Tropicos:1399126","PhysicalObject","50162945","1399126","Pierre Ibisch","MO","MOBOT","http://www.tropicos.org/Specimen/1399126","P.L. Ibisch","http://biocol.org/urn:lsid:biocol.org:col:15859","Fosterella chiquitana Ibisch, R.Vásquez & E.Gross","1999-01-01T00:00:00","HOLOTYPE",NA,NA,NA,NA,NA,NA,NA,NA,NA,NA,NA,NA
"58","1424271486","Fosterella chiquitana Ibisch, R.Vásquez & E.Gross",-16.166667,-62.083333,"cdround,gass84","4300f8d5-1ae5-49e5-a101-63894b005868","838537fc-4aeb-4980-8b58-97fbdcd1d91a","da7fe11a-b42c-46cb-9e9d-02243edb738a","BR","DWC_ARCHIVE","2020-02-14T19:53:59.520+0000","2020-02-14T20:38:32.613+0000",278,"none","PRESERVED_SPECIMEN",NA,5288016,6,7707728,196,1369,3740,2696623,5288015,5288015,"Fosterella penduliflora (C.H.Wright) L.B.Sm.","Plantae","Tracheophyta","Poales","Bromeliaceae","Fosterella","Fosterella penduliflora","Fosterella","chiquitana","SPECIES","SYNONYM",NA,NA,"Santa Cruz",1997,5,16,"1997-05-16T00:00:00",NA,"2020-02-14T20:38:32.613+0000","http://creativecommons.org/licenses/by/4.0/legalcode","none","none","none","WGS84","Liliopsida","BO","Bolivia, Plurinational State of","Rio de Janeiro Botanical Garden",NA,"urn:catalog:JBRJ:RB:557717","98125",NA,"RB - Rio de Janeiro Botanical Garden Herbarium Collection","Departamente Santa Cruz: Province Ñuflo de Chavéz, about 10 km from Concepcion on the road to San Javier.",NA,NA,"1424271486","RB","urn:catalog:JBRJ:RB:557717","Physical Object",NA,"RB00557717","P. Ibisch","JBRJ",NA,NA,NA,NA,"Fosterella chiquitana Ibisch, R.Vásquez & E.Gross",NA,"ISOTYPE","Santa Cruz",NA,NA,NA,NA,"RB 479754",NA,NA,NA,NA,NA,NA
"59","1260118305","Fosterella penduliflora (C.H.Wright) L.B.Sm.",-16.2,-67.73333,"gass84","7bd65a7a-f762-11e1-a439-00145eb45e9a","90fd6680-349f-11d8-aa2d-b8a03c50a862","c4e134d3-c68f-406d-a116-6a37895602e0","US","DWC_ARCHIVE","2020-02-14T11:33:51.259+0000","2020-02-14T11:59:44.528+0000",107,"none","PRESERVED_SPECIMEN",NA,5288015,6,7707728,196,1369,3740,2696623,5288015,5288015,"Fosterella penduliflora (C.H.Wright) L.B.Sm.","Plantae","Tracheophyta","Poales","Bromeliaceae","Fosterella","Fosterella penduliflora","Fosterella","penduliflora","SPECIES","ACCEPTED",1250,"SOUTH_AMERICA","La Paz",1995,5,20,"1995-05-20T00:00:00","2008-05-27T22:02:00.000+0000","2020-02-14T11:59:44.528+0000","http://creativecommons.org/licenses/by/4.0/legalcode","none","none","none","WGS84","Liliopsida","BO","Bolivia, Plurinational State of","Missouri Botanical Garden","No opinion","urn:catalog:MO:Tropicos:2770251","Kessler 4214","ICNafp","Tropicos",NA,"Nor Yungas",NA,"1260118305","MO","urn:catalog:MO:Tropicos:2770251","PhysicalObject","4301194","2770251","M. Kessler|et al.","MO","MOBOT","http://www.tropicos.org/Specimen/2770251","Luther","http://biocol.org/urn:lsid:biocol.org:col:15859","Fosterella penduliflora (C.H.Wright) L.B.Sm.","1996-01-01T00:00:00",NA,NA,NA,NA,NA,NA,NA,NA,NA,NA,NA,NA,NA
"60","1424352277","Fosterella penduliflora (C.H.Wright) L.B.Sm.",-10.583333,-63.583333,"cdround,gass84","4300f8d5-1ae5-49e5-a101-63894b005868","838537fc-4aeb-4980-8b58-97fbdcd1d91a","da7fe11a-b42c-46cb-9e9d-02243edb738a","BR","DWC_ARCHIVE","2020-02-14T19:53:59.520+0000","2020-02-14T20:38:33.606+0000",278,"none","PRESERVED_SPECIMEN",NA,5288015,6,7707728,196,1369,3740,2696623,5288015,5288015,"Fosterella penduliflora (C.H.Wright) L.B.Sm.","Plantae","Tracheophyta","Poales","Bromeliaceae","Fosterella","Fosterella penduliflora","Fosterella","penduliflora","SPECIES","ACCEPTED",NA,NA,"Rondônia",1982,5,17,"1982-05-17T00:00:00",NA,"2020-02-14T20:38:33.606+0000","http://creativecommons.org/licenses/by/4.0/legalcode","none","none","none","WGS84","Liliopsida","BR","Brazil","Rio de Janeiro Botanical Garden",NA,"urn:catalog:JBRJ:RB:642504","549",NA,"RB - Rio de Janeiro Botanical Garden Herbarium Collection","Mineração Mibrasa. Setor Alto Candeias, Km 128. Sudoeste de Ariquemes. Mata sobre serra, beira de cachoeira, abundancia de pedras.",NA,NA,"1424352277","RB","urn:catalog:JBRJ:RB:642504","Physical Object",NA,"RB00642504","L.O. A. Teixeira; et.al","JBRJ",NA,NA,"R.C. Forzza & E. Leme",NA,"Fosterella penduliflora (C.H.Wright) L.B.Sm.","2018-01-01T00:00:00",NA,"Ariquemes",NA,"Erva sobre perda, flores brancas, anteras amarelas.",NA,NA,"RB 289174",NA,NA,NA,NA,NA,NA
"61","317864465","Fosterella penduliflora (C.H.Wright) L.B.Sm.",-21.45,-64.07,"gass84","966426ce-f762-11e1-a439-00145eb45e9a","c76cf030-2a95-11da-9cc1-b8a03c50a862","60383ab8-f762-11e1-a439-00145eb45e9a","DE","BIOCASE","2020-02-11T21:07:47.517+0000","2020-02-12T18:39:25.534+0000",88,"none","PRESERVED_SPECIMEN",NA,5288015,6,7707728,196,1369,3740,2696623,5288015,5288015,"Fosterella penduliflora (C.H.Wright) L.B.Sm.","Plantae","Tracheophyta","Poales","Bromeliaceae","Fosterella","Fosterella penduliflora","Fosterella","penduliflora","SPECIES","ACCEPTED",NA,NA,NA,1982,7,15,"1982-07-15T00:00:00",NA,"2020-02-12T18:39:25.534+0000","http://creativecommons.org/licenses/by/4.0/legalcode","none","none","none","WGS84","Liliopsida","BO","Bolivia, Plurinational State of",NA,NA,NA,NA,NA,NA,"O'Connor, 16 km E of Entre Rios along the road to Palos Blancos",NA,NA,"317864465","Herbarium Senckenbergianum",NA,NA,NA,"Fr-0082342",NA,"FR",NA,NA,NA,NA,"Fosterella penduliflora (C.H.Wright) L.B.Sm.",NA,NA,NA,NA,NA,NA,NA,NA,NA,NA,NA,NA,NA,NA
"62","1265788596","Fosterella penduliflora (C.H.Wright) L.B.Sm.",-16.7261,-64.435,"gass84","90c853e6-56bd-480b-8e8f-6285c3f8d42b","7b8aff00-a9f8-11d8-944b-b8a03c50a862","3b84ff5b-79ce-427c-acb7-b4004e160f66","US","DWC_ARCHIVE","2020-02-06T10:27:54.420+0000","2020-02-10T22:03:22.255+0000",138,"none","PRESERVED_SPECIMEN",NA,5288015,6,7707728,196,1369,3740,2696623,5288015,5288015,"Fosterella penduliflora (C.H.Wright) L.B.Sm.","Plantae","Tracheophyta","Poales","Bromeliaceae","Fosterella","Fosterella penduliflora","Fosterella","penduliflora","SPECIES","ACCEPTED",NA,"SOUTH_AMERICA",NA,1934,8,NA,"1934-08-01T00:00:00",NA,"2020-02-10T22:03:22.255+0000","http://creativecommons.org/publicdomain/zero/1.0/legalcode","none","none","none","WGS84","Liliopsida","BO","Bolivia, Plurinational State of","The Field Museum of Natural History",NA,"4f469d41-c955-4f5c-b022-9ba8e4dbe2bc","2856","ICBN","Flowers TCN",NA,NA,NA,"1265788596","Botany","4f469d41-c955-4f5c-b022-9ba8e4dbe2bc","PhysicalObject",NA,"V0403193F","M. Cárdenas","F","F",NA,NA,"Botany","Fosterella penduliflora (C.H.Wright) L.B.Sm.",NA,NA,NA,"en",NA,NA,NA,NA,"South America, BOLIVIA","F","3438031","seeds-10-apr-2019","http://fieldmuseum.org/about/copyright-information","Plantae Spermatophyta Monocotyledoneae Bromeliaceae"
"63","1265788610","Fosterella penduliflora (C.H.Wright) L.B.Sm.",-35.3869,-64.9208,"gass84","90c853e6-56bd-480b-8e8f-6285c3f8d42b","7b8aff00-a9f8-11d8-944b-b8a03c50a862","3b84ff5b-79ce-427c-acb7-b4004e160f66","US","DWC_ARCHIVE","2020-02-06T10:27:54.420+0000","2020-02-10T22:03:50.944+0000",138,"none","PRESERVED_SPECIMEN",NA,5288015,6,7707728,196,1369,3740,2696623,5288015,5288015,"Fosterella penduliflora (C.H.Wright) L.B.Sm.","Plantae","Tracheophyta","Poales","Bromeliaceae","Fosterella","Fosterella penduliflora","Fosterella","penduliflora","SPECIES","ACCEPTED",NA,"SOUTH_AMERICA",NA,NA,NA,NA,NA,NA,"2020-02-10T22:03:50.944+0000","http://creativecommons.org/publicdomain/zero/1.0/legalcode","none","none","none","WGS84","Liliopsida","AR","Argentina","The Field Museum of Natural History",NA,"0c5f4c3e-daa4-469f-9c75-ceac33f67f8e",NA,"ICBN","South American Plants",NA,NA,NA,"1265788610","Botany","0c5f4c3e-daa4-469f-9c75-ceac33f67f8e","PhysicalObject",NA,"V0403194F",NA,"F","F",NA,NA,"Botany","Fosterella penduliflora (C.H.Wright) L.B.Sm.",NA,NA,NA,"en",NA,NA,NA,NA,"South America, ARGENTINA","F","3438033","seeds-10-apr-2019","http://fieldmuseum.org/about/copyright-information","Plantae Spermatophyta Monocotyledoneae Bromeliaceae"
"64","1676067341","Fosterella penduliflora (C.H.Wright) L.B.Sm.",-21.916667,-64.15,"cdround,gass84,rdativ","966426ce-f762-11e1-a439-00145eb45e9a","c76cf030-2a95-11da-9cc1-b8a03c50a862","60383ab8-f762-11e1-a439-00145eb45e9a","DE","BIOCASE","2020-02-11T21:07:47.517+0000","2020-02-12T18:39:21.671+0000",88,"none","PRESERVED_SPECIMEN",NA,5288015,6,7707728,196,1369,3740,2696623,5288015,5288015,"Fosterella penduliflora (C.H.Wright) L.B.Sm.","Plantae","Tracheophyta","Poales","Bromeliaceae","Fosterella","Fosterella penduliflora","Fosterella","penduliflora","SPECIES","ACCEPTED",NA,NA,NA,NA,NA,NA,NA,NA,"2020-02-12T18:39:21.671+0000","http://creativecommons.org/licenses/by/4.0/legalcode","none","none","none","WGS84","Liliopsida","BO","Bolivia, Plurinational State of",NA,NA,NA,NA,NA,NA,"O'Connor, Parque Nacional Tariquia, entre Chiquiaca y la quebrada de San Lucas, selva montana de Mirtáceas, formacion tucumano-boliviana",NA,NA,"1676067341","Herbarium Senckenbergianum",NA,NA,NA,"FR-0029177",NA,"FR",NA,NA,NA,NA,"Fosterella penduliflora (C.H.Wright) L.B.Sm.",NA,NA,NA,NA,NA,NA,NA,NA,NA,NA,NA,NA,NA,NA
"65","1676067379","Fosterella penduliflora (C.H.Wright) L.B.Sm.",-16.166667,-62.083333,"cdround,gass84,rdativ","966426ce-f762-11e1-a439-00145eb45e9a","c76cf030-2a95-11da-9cc1-b8a03c50a862","60383ab8-f762-11e1-a439-00145eb45e9a","DE","BIOCASE","2020-02-11T21:07:47.517+0000","2020-02-12T18:39:24.143+0000",88,"none","PRESERVED_SPECIMEN",NA,5288015,6,7707728,196,1369,3740,2696623,5288015,5288015,"Fosterella penduliflora (C.H.Wright) L.B.Sm.","Plantae","Tracheophyta","Poales","Bromeliaceae","Fosterella","Fosterella penduliflora","Fosterella","penduliflora","SPECIES","ACCEPTED",NA,NA,NA,NA,NA,NA,NA,NA,"2020-02-12T18:39:24.143+0000","http://creativecommons.org/licenses/by/4.0/legalcode","none","none","none","WGS84","Liliopsida","BO","Bolivia, Plurinational State of",NA,NA,NA,NA,NA,NA,"Nuflo de Cávez, about 10 km from Concepcion to San Javier",NA,NA,"1676067379","Herbarium Senckenbergianum",NA,NA,NA,"FR-0029198",NA,"FR",NA,NA,NA,NA,"Fosterella penduliflora (C.H.Wright) L.B.Sm.",NA,NA,NA,NA,NA,NA,NA,NA,NA,NA,NA,NA,NA,NA
"66","1676067386","Fosterella penduliflora (C.H.Wright) L.B.Sm.",-18.9,-63.4,"gass84,rdativ","966426ce-f762-11e1-a439-00145eb45e9a","c76cf030-2a95-11da-9cc1-b8a03c50a862","60383ab8-f762-11e1-a439-00145eb45e9a","DE","BIOCASE","2020-02-11T21:07:47.517+0000","2020-02-12T18:39:21.702+0000",88,"none","PRESERVED_SPECIMEN",NA,5288015,6,7707728,196,1369,3740,2696623,5288015,5288015,"Fosterella penduliflora (C.H.Wright) L.B.Sm.","Plantae","Tracheophyta","Poales","Bromeliaceae","Fosterella","Fosterella penduliflora","Fosterella","penduliflora","SPECIES","ACCEPTED",NA,NA,NA,NA,NA,NA,NA,NA,"2020-02-12T18:39:21.702+0000","http://creativecommons.org/licenses/by/4.0/legalcode","none","none","none","WGS84","Liliopsida","BO","Bolivia, Plurinational State of",NA,NA,NA,NA,NA,NA,"Cordillera, 16 km de Abapó hacia Gutierrez",NA,NA,"1676067386","Herbarium Senckenbergianum",NA,NA,NA,"FR-0029200",NA,"FR",NA,NA,NA,NA,"Fosterella penduliflora (C.H.Wright) L.B.Sm.",NA,NA,NA,NA,NA,NA,NA,NA,NA,NA,NA,NA,NA,NA
"67","1676067388","Fosterella penduliflora (C.H.Wright) L.B.Sm.",-21.916667,-64.15,"cdround,gass84,rdativ","966426ce-f762-11e1-a439-00145eb45e9a","c76cf030-2a95-11da-9cc1-b8a03c50a862","60383ab8-f762-11e1-a439-00145eb45e9a","DE","BIOCASE","2020-02-11T21:07:47.517+0000","2020-02-12T18:39:24.143+0000",88,"none","PRESERVED_SPECIMEN",NA,5288015,6,7707728,196,1369,3740,2696623,5288015,5288015,"Fosterella penduliflora (C.H.Wright) L.B.Sm.","Plantae","Tracheophyta","Poales","Bromeliaceae","Fosterella","Fosterella penduliflora","Fosterella","penduliflora","SPECIES","ACCEPTED",NA,NA,NA,NA,NA,NA,NA,NA,"2020-02-12T18:39:24.143+0000","http://creativecommons.org/licenses/by/4.0/legalcode","none","none","none","WGS84","Liliopsida","BO","Bolivia, Plurinational State of",NA,NA,NA,NA,NA,NA,"O'Connor, Parque Nacional Tariquia, entre Chiquiacá y la quebrada de San Lucas",NA,NA,"1676067388","Herbarium Senckenbergianum",NA,NA,NA,"FR-0029206",NA,"FR",NA,NA,NA,NA,"Fosterella penduliflora (C.H.Wright) L.B.Sm.",NA,NA,NA,NA,NA,NA,NA,NA,NA,NA,NA,NA,NA,NA
"68","317864433","Fosterella penduliflora (C.H.Wright) L.B.Sm.",-21.916667,-64.15,"cdround,gass84,rdativ","966426ce-f762-11e1-a439-00145eb45e9a","c76cf030-2a95-11da-9cc1-b8a03c50a862","60383ab8-f762-11e1-a439-00145eb45e9a","DE","BIOCASE","2020-02-11T21:07:47.517+0000","2020-02-12T18:39:21.803+0000",88,"none","PRESERVED_SPECIMEN",NA,5288015,6,7707728,196,1369,3740,2696623,5288015,5288015,"Fosterella penduliflora (C.H.Wright) L.B.Sm.","Plantae","Tracheophyta","Poales","Bromeliaceae","Fosterella","Fosterella penduliflora","Fosterella","penduliflora","SPECIES","ACCEPTED",NA,NA,NA,NA,NA,NA,NA,NA,"2020-02-12T18:39:21.803+0000","http://creativecommons.org/licenses/by/4.0/legalcode","none","none","none","WGS84","Liliopsida","BO","Bolivia, Plurinational State of",NA,NA,NA,NA,NA,NA,"Prov. O'Connor: Parque Nacional Tariquia, Chiquiaca a la quebrada de San Lucas",NA,NA,"317864433","Herbarium Senckenbergianum",NA,NA,NA,"FR-0082259",NA,"FR",NA,NA,NA,NA,"Fosterella penduliflora (C.H.Wright) L.B.Sm.",NA,NA,NA,NA,NA,NA,NA,NA,NA,NA,NA,NA,NA,NA
"69","317864438","Fosterella penduliflora (C.H.Wright) L.B.Sm.",-18.083333,-63.666667,"cdround,gass84,rdativ","966426ce-f762-11e1-a439-00145eb45e9a","c76cf030-2a95-11da-9cc1-b8a03c50a862","60383ab8-f762-11e1-a439-00145eb45e9a","DE","BIOCASE","2020-02-11T21:07:47.517+0000","2020-02-12T18:39:24.254+0000",88,"none","PRESERVED_SPECIMEN",NA,5288015,6,7707728,196,1369,3740,2696623,5288015,5288015,"Fosterella penduliflora (C.H.Wright) L.B.Sm.","Plantae","Tracheophyta","Poales","Bromeliaceae","Fosterella","Fosterella penduliflora","Fosterella","penduliflora","SPECIES","ACCEPTED",NA,NA,NA,NA,NA,NA,NA,NA,"2020-02-12T18:39:24.254+0000","http://creativecommons.org/licenses/by/4.0/legalcode","none","none","none","WGS84","Liliopsida","BO","Bolivia, Plurinational State of",NA,NA,NA,NA,NA,NA,"Prov. Florida, Refugio Volcanes",NA,NA,"317864438","Herbarium Senckenbergianum",NA,NA,NA,"FR-0030855",NA,"FR",NA,NA,NA,NA,"Fosterella penduliflora (C.H.Wright) L.B.Sm.",NA,NA,NA,NA,NA,NA,NA,NA,NA,NA,NA,NA,NA,NA
"70","317864439","Fosterella penduliflora (C.H.Wright) L.B.Sm.",-18.083333,-63.666667,"cdround,gass84,rdativ","966426ce-f762-11e1-a439-00145eb45e9a","c76cf030-2a95-11da-9cc1-b8a03c50a862","60383ab8-f762-11e1-a439-00145eb45e9a","DE","BIOCASE","2020-02-11T21:07:47.517+0000","2020-02-12T18:39:21.699+0000",88,"none","PRESERVED_SPECIMEN",NA,5288015,6,7707728,196,1369,3740,2696623,5288015,5288015,"Fosterella penduliflora (C.H.Wright) L.B.Sm.","Plantae","Tracheophyta","Poales","Bromeliaceae","Fosterella","Fosterella penduliflora","Fosterella","penduliflora","SPECIES","ACCEPTED",NA,NA,NA,NA,NA,NA,NA,NA,"2020-02-12T18:39:21.699+0000","http://creativecommons.org/licenses/by/4.0/legalcode","none","none","none","WGS84","Liliopsida","BO","Bolivia, Plurinational State of",NA,NA,NA,NA,NA,NA,"Prov. Florida, Refugio Volcanes",NA,NA,"317864439","Herbarium Senckenbergianum",NA,NA,NA,"FR-0030856",NA,"FR",NA,NA,NA,NA,"Fosterella penduliflora (C.H.Wright) L.B.Sm.",NA,NA,NA,NA,NA,NA,NA,NA,NA,NA,NA,NA,NA,NA
"71","317864440","Fosterella penduliflora (C.H.Wright) L.B.Sm.",-16.166667,-62.083333,"cdround,gass84,rdativ","966426ce-f762-11e1-a439-00145eb45e9a","c76cf030-2a95-11da-9cc1-b8a03c50a862","60383ab8-f762-11e1-a439-00145eb45e9a","DE","BIOCASE","2020-02-11T21:07:47.517+0000","2020-02-12T18:39:21.721+0000",88,"none","PRESERVED_SPECIMEN",NA,5288015,6,7707728,196,1369,3740,2696623,5288015,5288015,"Fosterella penduliflora (C.H.Wright) L.B.Sm.","Plantae","Tracheophyta","Poales","Bromeliaceae","Fosterella","Fosterella penduliflora","Fosterella","penduliflora","SPECIES","ACCEPTED",NA,NA,NA,NA,NA,NA,NA,NA,"2020-02-12T18:39:21.721+0000","http://creativecommons.org/licenses/by/4.0/legalcode","none","none","none","WGS84","Liliopsida","BO","Bolivia, Plurinational State of",NA,NA,NA,NA,NA,NA,"Prov. Nuflo de Chavez, about 10 km from Concepcion on the road to San Javier, on grantic outcrops (zonal vegetation semideciduous-semihumid Chipquitano forest)",NA,NA,"317864440","Herbarium Senckenbergianum",NA,NA,NA,"FR-0030857",NA,"FR",NA,NA,NA,NA,"Fosterella penduliflora (C.H.Wright) L.B.Sm.",NA,NA,NA,NA,NA,NA,NA,NA,NA,NA,NA,NA,NA,NA
"72","317864441","Fosterella penduliflora (C.H.Wright) L.B.Sm.",-16.166667,-62.083333,"cdround,gass84,rdativ","966426ce-f762-11e1-a439-00145eb45e9a","c76cf030-2a95-11da-9cc1-b8a03c50a862","60383ab8-f762-11e1-a439-00145eb45e9a","DE","BIOCASE","2020-02-11T21:07:47.517+0000","2020-02-12T18:39:21.701+0000",88,"none","PRESERVED_SPECIMEN",NA,5288015,6,7707728,196,1369,3740,2696623,5288015,5288015,"Fosterella penduliflora (C.H.Wright) L.B.Sm.","Plantae","Tracheophyta","Poales","Bromeliaceae","Fosterella","Fosterella penduliflora","Fosterella","penduliflora","SPECIES","ACCEPTED",NA,NA,NA,NA,NA,NA,NA,NA,"2020-02-12T18:39:21.701+0000","http://creativecommons.org/licenses/by/4.0/legalcode","none","none","none","WGS84","Liliopsida","BO","Bolivia, Plurinational State of",NA,NA,NA,NA,NA,NA,"Prov. Nuflo de Chavez, about 10 km from Concepcion on the road to San Javier, on grantic outcrops (zonal vegetation semideciduous-semihumid Chipquitano forest)",NA,NA,"317864441","Herbarium Senckenbergianum",NA,NA,NA,"FR-0030858",NA,"FR",NA,NA,NA,NA,"Fosterella penduliflora (C.H.Wright) L.B.Sm.",NA,NA,NA,NA,NA,NA,NA,NA,NA,NA,NA,NA,NA,NA
"73","416928283","Fosterella penduliflora (C.H.Wright) L.B.Sm.",-23.37,-64.22,"gass84","f5de707d-eba1-4f1a-b1df-1a7fa27b1bc7","b6f05cf0-43ce-11d9-8439-b8a03c50a862","6061a4a2-f762-11e1-a439-00145eb45e9a","AR","DWC_ARCHIVE","2020-02-06T11:25:39.550+0000","2020-02-10T22:35:40.535+0000",128,"none","PRESERVED_SPECIMEN",NA,5288015,6,7707728,196,1369,3740,2696623,5288015,5288015,"Fosterella penduliflora (C.H.Wright) L.B.Sm.","Plantae","Tracheophyta","Poales","Bromeliaceae","Fosterella","Fosterella penduliflora","Fosterella","penduliflora","SPECIES","ACCEPTED",NA,NA,"Salta",NA,NA,NA,NA,NA,"2020-02-10T22:35:40.535+0000","http://creativecommons.org/licenses/by/4.0/legalcode","none","none","none","WGS84","Liliopsida","AR","Argentina",NA,NA,"416928283",NA,NA,NA,"Ayo. Tartagal","Orán",NA,"416928283","HERB",NA,NA,NA,"49567","Venturi, S.","SI",NA,NA,"Morrone, O.",NA,"Fosterella penduliflora (C.H.Wright) L.B.Sm.",NA,NA,NA,NA,NA,NA,NA,NA,NA,NA,NA,NA,NA,NA
"74","416928356","Fosterella penduliflora (C.H.Wright) L.B.Sm.",-22.33,-64.93,"gass84","f5de707d-eba1-4f1a-b1df-1a7fa27b1bc7","b6f05cf0-43ce-11d9-8439-b8a03c50a862","6061a4a2-f762-11e1-a439-00145eb45e9a","AR","DWC_ARCHIVE","2020-02-06T11:25:39.550+0000","2020-02-10T22:35:40.642+0000",128,"none","PRESERVED_SPECIMEN",NA,5288015,6,7707728,196,1369,3740,2696623,5288015,5288015,"Fosterella penduliflora (C.H.Wright) L.B.Sm.","Plantae","Tracheophyta","Poales","Bromeliaceae","Fosterella","Fosterella penduliflora","Fosterella","penduliflora","SPECIES","ACCEPTED",NA,NA,"Salta",NA,NA,NA,NA,NA,"2020-02-10T22:35:40.642+0000","http://creativecommons.org/licenses/by/4.0/legalcode","none","none","none","WGS84","Liliopsida","AR","Argentina",NA,NA,"416928356",NA,NA,NA,"Parque Nacional Baritú, Lipeo, Río Naranjo","Santa Victoria",NA,"416928356","HERB",NA,NA,NA,"254542","Zuloaga, F. O.","SI",NA,NA,"Panizza, A. M.",NA,"Fosterella penduliflora (C.H.Wright) L.B.Sm.",NA,NA,NA,NA,NA,NA,NA,NA,NA,NA,NA,NA,NA,NA
"75","416928434","Fosterella penduliflora (C.H.Wright) L.B.Sm.",-22.67,-63.65,"gass84","f5de707d-eba1-4f1a-b1df-1a7fa27b1bc7","b6f05cf0-43ce-11d9-8439-b8a03c50a862","6061a4a2-f762-11e1-a439-00145eb45e9a","AR","DWC_ARCHIVE","2020-02-06T11:25:39.550+0000","2020-02-10T22:35:35.984+0000",128,"none","PRESERVED_SPECIMEN",NA,5288015,6,7707728,196,1369,3740,2696623,5288015,5288015,"Fosterella penduliflora (C.H.Wright) L.B.Sm.","Plantae","Tracheophyta","Poales","Bromeliaceae","Fosterella","Fosterella penduliflora","Fosterella","penduliflora","SPECIES","ACCEPTED",NA,NA,"Salta",NA,NA,NA,NA,NA,"2020-02-10T22:35:35.984+0000","http://creativecommons.org/licenses/by/4.0/legalcode","none","none","none","WGS84","Liliopsida","AR","Argentina",NA,NA,"416928434",NA,NA,NA,"47 km de Piquirenda , 7 km de El Chorrito","General José de San Martín",NA,"416928434","HERB",NA,NA,NA,"39680","Morrone, O.","SI",NA,NA,"Panizza, A. M.",NA,"Fosterella penduliflora (C.H.Wright) L.B.Sm.",NA,NA,NA,NA,NA,NA,NA,NA,NA,NA,NA,NA,NA,NA
"76","476434788","Fosterella penduliflora (C.H.Wright) L.B.Sm.",0,0,"cuiv,gass84,zerocd","d6fa86b9-8906-4622-9ebc-24d393c9ac12","a4d6cc6b-4c62-4015-ad7b-1ba69847a616","99774300-f762-11e1-a439-00145eb45e9a","CR","DWC_ARCHIVE","2020-02-06T10:28:13.642+0000","2020-02-10T12:32:56.960+0000",138,"none","LIVING_SPECIMEN",NA,5288015,6,7707728,196,1369,3740,2696623,5288015,5288015,"Fosterella penduliflora (C.H.Wright) L.B.Sm.","Plantae","Tracheophyta","Poales","Bromeliaceae","Fosterella","Fosterella penduliflora","Fosterella","penduliflora","SPECIES","ACCEPTED",NA,NA,"Otra zona o región",NA,NA,NA,NA,NA,"2020-02-10T12:32:56.960+0000","http://creativecommons.org/licenses/by/4.0/legalcode","none","none","none","WGS84","Liliopsida","none",NA,NA,NA,NA,NA,NA,NA,NA,"OTRA ZONA O REGIÓN",NA,"476434788","Wilson Botanical Garden - Las Cruces Biological Station",NA,NA,NA,"19890070","Zahawi, Zak","OTS",NA,NA,"-",NA,"Fosterella penduliflora (C.H.Wright) L.B.Sm.",NA,NA,NA,NA,NA,NA,NA,NA,NA,NA,NA,NA,NA,NA
